play_id,label_ja,label_ja_sort,label_ka,sort_ja,label_eng,label_eng_sort,first_staged,reference
1,Onnakoroshi abura no jigoku,Onnakoroshi abura no jigoku,女殺油地獄,おんなころしあぶらのじごく,The Woman-Killer and the Hell of Oil,"Woman-Killer and the Hell of Oil, The",1721,"Major Plays of Chikamatsu, translated by Donald Keene, (New York: Columbia University Press, 1961); Hironaga, Shūzaburō, The Bunraku Handbook (Tokyo: Maison des Arts, 1976); Kokuritsu Gekijō jōen shiryōshū, edited by Kokuritsu Gekijō Geinō Chōsashitsu, vol. 224, February 1984; Bunraku February 1982 Performance Program"
2,Shinjū ten no Amijima,Shinju ten no Amijima,心中天網島,しんじゅうてんのあみじま,The Love Suicides at Amijima,"Love Suicides at Amijima, The",1720,"Major Plays of Chikamatsu, translated by Donald Keene, (New York: Columbia University Press, 1961); Hironaga, Shūzaburō, The Bunraku Handbook (Tokyo: Maison des Arts, 1976); Kokuritsu Gekijō jōen shiryōshū, edited by Kokuritsu Gekijō Geinō Chōsashitsu, vol. 224, February 1984; Bunraku October 1986 Performance Program"
3,Sonezaki shinjū,Sonezaki shinju,曽根崎心中,そねざきしんじゅう,The Love Suicides at Sonezaki,"Love Suicides at Sonezaki, The",1703,"Major Plays of Chikamatsu, translated by Donald Keene, (New York: Columbia University Press, 1961); Keene, Donald, Bunraku: The Art of the Japanese Puppet Theatre (Tokyo: Kodansha International, 1973); Hironaga, Shūzaburō, The Bunraku Handbook (Tokyo: Maison des Arts, 1976); Bunraku February 1984, February 1981 Performance Programs"
4,Shinjū Yoigōshin,Shinju Yoigoshin,心中宵庚申,しんじゅうよいごうしん,The Love Suicide of Hambei and Ochiyo,"Love Suicide of Hambei and Ochiyo, The",1722,"Hironaga, Shūzaburō, The Bunraku Handbook (Tokyo: Maison des Arts, 1976); Bunraku May 1975, February 1982 Performance Program; Chikamatsu: 5 Late Plays, translated and annotated by C. Andrew Gerstle (New York: Columbia University Press, c2001)"
5,Somemoyō imose no kadomatsu,Somemoyo imose no kadomatsu,染模様妹背門松,そめもよういもせのかげまつ,The Love of Osome and Hisamatsu,"Love of Osome and Hisamatsu, The",1767,"Hironaga, Shūzaburō, The Bunraku Handbook (Tokyo: Maison des Arts, 1976); Bunraku May 1976, November 1984 Performance Programs"
6,Chikagoro kawara no tatehiki,Chikagoro kawara no tatehiki,近頃河原の達引,ちかごろかわらのたてひき,Oshun and Dembei,Oshun and Dembei,[1782 or 1785?],"Kokuritsu Gekijō jōen shiryōshū, edited by Kokuritsu Gekijō Geinō Chōsashitsu, vol. 206, September 1982; Keene, Donald, Bunraku: The Art of the Japanese Puppet Theatre (Tokyo: Kodansha International, 1973); Hironaga, Shūzaburō, The Bunraku Handbook (Tokyo: Maison des Arts, 1976); Bunraku July 1989 Performance Program"
7,Meido no hikyaku,Meido no hikyaku,冥途の飛脚,めいどのひきゃく,The Courier for Hell,"Courier for Hell, The",1711,"Major Plays of Chikamatsu, translated by Donald Keene, (New York: Columbia University Press, 1961); Hironaga, Shūzaburō, The Bunraku Handbook (Tokyo: Maison des Arts, 1976); Bunraku February 1985 Performance Program"
8,Ikudama shinjū,Ikudama shinju,生玉心中,いくだましんじゅう,The Double Suicide at Ikudama,"Double Suicide at Ikudama, The",1715,"Kokuritsu Gekijō jōen shiryōshū, edited by Kokuritsu Gekijō Geinō Chōsashitsu, vol. 237, February 1985; Bunraku February 1993 Performance Program"
9,Urikohime to Amanjaku,Urikohime to Amanjaku,瓜子姫とあまんじゃく,うりこひめとあまんじゃく,Urikohime and Amanjaku,Urikohime and Amanjaku,1955,Bunraku August 1986 Performance Program
11,Kamakura sandaiki,Kamakura sandaiki,鎌倉三代記,かまくらさんだいき,The Three Generations of Kamakura Shoguns,"Three Generations of Kamakura Shoguns, The",1770,"Keene, Donald, Bunraku: The Art of the Japanese Puppet Theatre (Tokyo: Kodansha International, 1973); Kokuritsu Gekijō jōen shiryōshū, edited by Kokuritsu Gekijō Geinō Chōsashitsu, vol. 215, May 1983; Bunraku July 1991, May 1983 Performance Programs"
12,Kinuta to daimonji,Kinuta to daimonji,きぬたと大文字,きぬたとだいもんじ,The Fulling Block and the Bonfire,"Fulling Block and the Bonfire, The",[n.d.],Bunraku August 1986 Performance Program
13,Kunikotoba kudoki ondo,Kunikotoba kudoki ondo,国言詢音頭,くにことばくどきおんど,The Murder in Revenge,"Murder in Revenge, The",1788; 1777 (as Oki Miyage Imaori Jōfu),"Kokuritsu Gekijō jōen shiryōshū, edited by Kokuritsu Gekijō Geinō Chōsashitsu, vol. 154, August 1978; Bunraku August 1978 Performance Program"
14,Akegarasu yuki no akebono,Akegarasu yuki no akebono,明烏六花曙,あけがらすゆきのあけぼの,Tragedy on a Snowy Night,Tragedy on a Snowy Night,1853,"Hironaga, Shūzaburō, The Bunraku Handbook (Tokyo: Maison des Arts, 1976); Bunraku January 1996 Performance Program"
15,Ashiya Dōman ōuchi kagami,Ashiya Doman ouchi kagami,芦屋道満大内鑑,あしやどうまんおおうちかがみ,The White Fox of Shinoda,"White Fox of Shinoda, The",1734,"Keene, Donald, Bunraku: The Art of the Japanese Puppet Theatre (Tokyo: Kodansha International, 1973); Hironaga, Shūzaburō, The Bunraku Handbook (Tokyo: Maison des Arts, 1976); Bunraku August 1984 Performance Program."
16,Ehon taikōki,Ehon taikoki,"絵本太功記
絵本太功記",えほんたいこうき,The Tycoon's Exploit,"Tycoon's Exploit, The",1799,"Keene, Donald, Bunraku: The Art of the Japanese Puppet Theatre (Tokyo: Kodansha International, 1973); Hironaga, Shūzaburō, The Bunraku Handbook (Tokyo: Maison des Arts, 1976); Bunraku April 1974 Performance Program"
17,Futago Sumidagawa,Futago Sumidagawa,雙生隅田川,ふたごすみだがわ,The Twins and the Sumida River,"Twins and the Sumida River, The",1720,"Hironaga, Shūzaburō, The Bunraku Handbook (Tokyo: Maison des Arts, 1976); Chikamatsu: 5 Late Plays, translated and annotated by C. Andrew Gerstle (New York: Columbia University Press, c2001);  February 1988 Program"
18,Futatsu chōchō kuruwa nikki,Futatsu chocho kuruwa nikki,双蝶々曲輪日記,ふたつちょうちょうくるわにっき,The Two Butterflies,"Two Butterflies, The",1749,"Kokuritsu Gekijō jōen shiryōshū, edited by Kokuritsu Gekijō Geinō Chōsashitsu, vol. 143; Keene, Donald, Bunraku: The Art of the Japanese Puppet Theatre (Tokyo: Kodansha International, 1973); Hironaga, Shūzaburō, The Bunraku Handbook (Tokyo: Maison des Arts, 1976); Bunraku September 1977; September 1989 Performance Program"
19,Gion sairei shinkōki,Gion sairei shinkoki,祇園祭礼信仰記,ぎおんさいれいしんこうき,The Gion Festival,"Gion Festival, The",1757,"Kokuritsu Gekijō jōen shiryōshū, edited by Kokuritsu Gekijō Geinō Chōsashitsu, vol. 203, May 1982; Hironaga, Shūzaburō, The Bunraku Handbook (Tokyo: Maison des Arts, 1976); Bunraku May 1982 Performance Program"
20,Gishi meimeiden,Gishi meimeiden,義士銘々伝,ぎしめいめいでん,A Chushingura's Subplot,"Chushingura's Subplot, A",1870,"Bunraku February 1978, April 1996 Performance Programs; Hironaga, Shūzaburō, The Bunraku Handbook (Tokyo: Maison des Arts, 1976); Kokuritsu Gekijō jōen shiryōshū, edited by Kokuritsu Gekijō Geinō Chōsashitsu, vol. 149, February 1978"
21,Gokusaishiki musume ōgi,Gokusaishiki musume ogi,極彩色娘扇,ごくさいしきむすめおうぎ,The Maiden's Colorful Fan,"Maiden's Colorful Fan, The",1760,"Hironaga, Shūzaburō, The Bunraku Handbook (Tokyo: Maison des Arts, 1976); Bunraku September 1972 Performance Program"
22,Go taiheiki shiraishi banashi,Go taiheiki shiraishi banashi,碁太平記白石噺,ごたいへいきしらいしばなし,The Shiraishi Story,"Shiraishi Story, The",1780,"Keene, Donald, Bunraku: The Art of the Japanese Puppet Theatre (Tokyo: Kodansha International, 1973); Hironaga, Shūzaburō, The Bunraku Handbook (Tokyo: Maison des Arts, 1976); Bunraku May 1971 Performance Program"
23,Hana no ueno homare no ishibumi,Hana no ueno homare no ishibumi,花上野誉碑,はなのうえのほまれのいしぶみ,The Stone Monument of Glory,"Stone Monument of Glory, The",1789,"Bunraku November 1992, February 1974 Performance Programs; Bunka dejitaru raiburarii; Hironaga, Shūzaburō, The Bunraku Handbook (Tokyo: Maison des Arts, 1976)"
24,Heike nyōgo no shima,Heike nyogo no shima,平家女護島,へいけにょうごのしま,The Priest in Exile,"Priest in Exile, The",1719,"Hironaga, Shūzaburō, The Bunraku Handbook (Tokyo: Maison des Arts, 1976); Keene, Donald, Bunraku: The Art of the Japanese Puppet Theatre (Tokyo: Kodansha International, 1973); Bunraku February 1986, October 1986 Performance Programs; Traditional Japanese Theater: An Anthology of Plays, edited by Karen Brazell (New York: Columbia University Press, 1998)"
25,Hidakagawa iriai zakura,Hidakagawa iriai zakura,日高川入相花王,ひだかがわいりあいざくら,The Cherry Trees Along the Hidaka River,"Cherry Trees Along the Hidaka River, The",1759,"Traditional Japanese Theater: An Anthology of Plays, edited by Karen Brazell (New York: Columbia University Press, 1998), p. 506; Hironaga, Shūzaburō, The Bunraku Handbook (Tokyo: Maison des Arts, 1976); Kokuritsu Gekijō jōen shiryōshū, edited by Kokuritsu Gekijō Geinō Chōsashitsu, vol. 177, May 1980; Bunraku May 1980 Performance Program"
26,Hiragana seisuiki,Hiragana seisuiki,ひらかな盛衰記,ひらがなせいすいき,The Battles of Genji and Heike,"Battles of Genji and Heike, The",1739,"Kokuritsu Gekijō jōen shiryōshū, edited by Kokuritsu Gekijō Geinō Chōsashitsu, vol. 161, February 1979; Hironaga, Shūzaburō, The Bunraku Handbook (Tokyo: Maison des Arts, 1976); Bunraku November 1988, February 1979 Performance Program"
27,Honchō nijūshikō,Honcho nijushiko,本朝廿四孝,ほんちょうにじゅうしこう,The Twenty-Four Dutiful Sons,"Twenty-Four Dutiful Sons, The",1766,"Keene, Donald, Bunraku: The Art of the Japanese Puppet Theatre (Tokyo: Kodansha International, 1973); Kokuritsu Gekijō jōen shiryōshū, edited by Kokuritsu Gekijō Geinō Chōsashitsu, vol. 221, December 1983; Bunraku December 1983 Performance Program; Hironaga, Shūzaburō, The Bunraku Handbook (Tokyo: Maison des Arts, 1976)"
28,Horikawa nami no tsuzumi,Horikawa nami no tsuzumi,堀川波の鼓,ほりかわなみのつづみ,The Drum of the Waves of Horikawa,"Drum of the Waves of Horikawa, The",1707 (宝永4),"Major Plays of Chikamatsu, translated by Donald Keene, (New York: Columbia University Press, 1961); Kokuritsu Gekijō jōen shiryōshū, edited by Kokuritsu Gekijō Geinō Chōsashitsu, vol. 212, February 1983; Bunraku February 1983 Performance Program"
29,Iga-goe dōchū sugoroku,Iga-goe dochu sugoroku,伊賀越道中双六,いがごえどうちゅうすごろく,The Vendetta in Iga,"Vendetta in Iga, The",1783,"Keene, Donald, Bunraku: The Art of the Japanese Puppet Theatre (Tokyo: Kodansha International, 1973); Kokuritsu Gekijō jōen shiryōshū, edited by Kokuritsu Gekijō Geinō Chōsashitsu, vol. 252, May 1986; Bunraku April 1992 Performance Program"
30,Kagamiyama kokyō no nishikie,Kagamiyama kokyo no nishikie,加賀見山旧錦絵,かがみやまこきょうのにしきえ,The Color Prints of Kagamiyama,"Color Prints of Kagamiyama, The",1782,"Keene, Donald, Bunraku: The Art of the Japanese Puppet Theatre (Tokyo: Kodansha International, 1973); Hironaga, Shūzaburō, The Bunraku Handbook (Tokyo: Maison des Arts, 1976); Kokuritsu Gekijō jōen shiryōshū, edited by Kokuritsu Gekijō Geinō Chōsashitsu, vol. 203, May 1982; Bunraku May 1982 Performance Program"
31,Kanjinchō,Kanjincho,勧進帳,かんじんちょう,The Subscription List,"Subscription List, The",1895,"Hironaga, Shūzaburō, The Bunraku Handbook (Tokyo: Maison des Arts, 1976); Bunraku July 1990 Performance Program"
32,Katsuragawa renri no shigarami,Katsuragawa renri no shigarami,桂川連理柵,かつらがわれんりのしがらみ,The Love of Ohan and Choemon,"Love of Ohan and Choemon, The",1776,"Hironaga, Shūzaburō, The Bunraku Handbook (Tokyo: Maison des Arts, 1976); Kokuritsu Gekijō jōen shiryōshū, edited by Kokuritsu Gekijō Geinō Chōsashitsu, vol. 168, September 1979; Bunraku March 1976, November 1985 Performance Programs"
33,Keisei Awa no naruto,Keisei Awa no naruto,傾城阿波の鳴門,けいせいあわのなると,The Infant Pilgrim,"Infant Pilgrim, The",1768,"The Pitiful EncounterKokuritsu Gekijō jōen shiryōshū, edited by Kokuritsu Gekijō Geinō Chōsashitsu, vol. 146, December 1977; June 1985 Program"
34,Keisei hangonkō,Keisei hangonko,傾城反魂香,けいせいはんごんこう,The Stuttering Painter,"Stuttering Painter, The",1708,"Keene, Donald, Bunraku: The Art of the Japanese Puppet Theatre (Tokyo: Kodansha International, 1973); Kokuritsu Gekijō jōen shiryōshū, edited by Kokuritsu Gekijō Geinō Chōsashitsu, vol. 177, May 1980; Bunraku April 1988, May 1980 Performance Programs; Hironaga, Shūzaburō, The Bunraku Handbook (Tokyo: Maison des Arts, 1976)"
35,Keisei koibikyaku,Keisei koibikyaku,傾城恋飛脚,けいせいこいびきゃく,The Amorous Courier,"Amorous Courier, The",1773,"Kokuritsu Gekijō jōen shiryōshū, edited by Kokuritsu Gekijō Geinō Chōsashitsu, vol. 158; December 1978' Bunraku January 1989 Performance Program"
36,Kiichi Hōgen sanryaku no maki,Kiichi Hogen sanryaku no maki,鬼一法眼三略巻,きいちほうげんさんりゃくのまき,Kiichi's Book of Strategy,Kiichi's Book of Strategy,1731,"Hironaga, Shūzaburō, The Bunraku Handbook (Tokyo: Maison des Arts, 1976); Kokuritsu Gekijō jōen shiryōshū, edited by Kokuritsu Gekijō Geinō Chōsashitsu, vol.  168, September 1979; Bunraku November 1991 Performance Program"
37,Koimusume mukashi hachijō,Koimusume mukashi hachijo,恋娘昔八丈,こいむすめむかしはちじょう,The Love-Inspired Murder,"Love-Inspired Murder, The",1775,"Bunraku September 1989, January 1990, November 1970 Performance Programs; Hironaga, Shūzaburō, The Bunraku Handbook (Tokyo: Maison des Arts, 1976)"
38,Koinyōbō somewake tazuna,Koinyobo somewake tazuna,恋女房染分手綱,こいにょうぼうそめわけたづな,The Two-Colored Reins,"Two-Colored Reins, The",1751,"Hironaga, Shūzaburō, The Bunraku Handbook (Tokyo: Maison des Arts, 1976); Keene, Donald, Bunraku: The Art of the Japanese Puppet Theatre (Tokyo: Kodansha International, 1973); Bunraku February 1972 Performance Program"
39,Kokaji,Kokaji,小鍛冶,こかじ,Kokaji the Swordsmith,Kokaji the Swordsmith,1939 or 1941,"Keene, Donald, Bunraku: The Art of the Japanese Puppet Theatre (Tokyo: Kodansha International, 1973); Hironaga, Shūzaburō, The Bunraku Handbook (Tokyo: Maison des Arts, 1976); Bunraku February 1977, July 1988 Performance Programs"
40,Kokusen'ya kassen,Kokusen'ya kassen,国性爺合戦,こくせんやかっせん,The Battle of Coxinga,"Battle of Coxinga, The",1715,"Four Major Plays of Chikamatsu, translated by Donald Keene (New York: Columbia University Press, 1961); Hironaga, Shūzaburō, The Bunraku Handbook (Tokyo: Maison des Arts, 1976); Bunraku February 1980 Performance Program"
41,Komochi yamanba,Komochi yamanba,嫗山姥,こもちやまんば,The Pregnant Mountain Ogress (Heroine),"Pregnant Mountain Ogress (Heroine), The",1712,"Hironaga, Shūzaburō, The Bunraku Handbook (Tokyo: Maison des Arts, 1976); Kokuritsu Gekijō jōen shiryōshū, edited by Kokuritsu Gekijō Geinō Chōsashitsu, vol. 93, May 1973; Bunraku February 1997 Performance Program"
42,Kotobuki hashiradate manzai,Kotobuki hashiradate manzai,寿柱立万歳,ことぶきはしらだてまんざい,The Celebration of Housing Starts,"Celebration of Housing Starts, The",1915,"Kokuritsu Bunraku Gekijō jōen shiryōshū, edited by Kokuritsu Bunraku Gekijō Chōsayōseika, vol. 8, April 1985; April 1998, January 1978, April 1985 Performance Programs"
44,Mandagaike monogatari,Mandagaike monogatari,まんだが池物語,まんだがいけものがたり,The Story of Manda Ponds,"Story of Manda Ponds, The",1995,Bunraku August 1995 Performance Program
45,Meiboku sendaihagi,Meiboku sendaihagi,伽羅先代萩,めいぼくせんだいはぎ,The Trouble in the Date Household,"Trouble in the Date Household, The",1785,"Keene, Donald, Bunraku: The Art of the Japanese Puppet Theatre (Tokyo: Kodansha International, 1973); Kokuritsu Gekijō jōen shiryōshū, edited by Kokuritsu Gekijō Geinō Chōsashitsu, vol. 146, December 1977; Hironaga, Shūzaburō, The Bunraku Handbook (Tokyo: Maison des Arts, 1976); Bunraku January 1996, December 1977 Performance Programs"
46,Men uri,Men uri,面売り,めんうり,The Mask Peddler,"Mask Peddler, The",1944,"Kokuritsu Gekijō jōen shiryōshū, edited by Kokuritsu Gekijō Geinō Chōsashitsu, vol. 164, May 1979; Bunraku December 1993 Performance Program"
47,Momijigari,Momijigari,紅葉狩,もみじがり,The Maple Viewing Party,"Maple Viewing Party, The",1939,"Kokuritsu Gekijō jōen shiryōshū, edited by Kokuritsu Gekijō Geinō Chōsashitsu, vol. 194, September 1981; Hironaga, Shūzaburō, The Bunraku Handbook (Tokyo: Maison des Arts, 1976); Bunraku September 1981 Performance Program"
48,Musume Kagekiyo Yashima nikki,Musume Kagekiyo Yashima nikki,嬢景清八嶋日記,むすめかげきよやしまにっき,Kagekiyo and His Daughter,Kagekiyo and His Daughter,1764,"Keene, Donald, Bunraku: The Art of the Japanese Puppet Theatre (Tokyo: Kodansha International, 1973);  Kokuritsu Gekijō jōen shiryōshū, edited by Kokuritsu Gekijō Geinō Chōsashitsu, vol. 218, Bunraku September 1983, May 1975, January 1990 Performance Programs"
49,Narihibiku Ataka noshinseki,Narihibiku Ataka no shinseki,鳴響安宅新関,なりひびくあたかのしんせき,The New Barrier of Ataka,"New Barrier of Ataka, The",1895,"Hironaga, Shūzaburō, The Bunraku Handbook (Tokyo: Maison des Arts, 1976); Bunraku December 1984 Performance Program"
50,Renjishi,Renjishi,連獅子,れんじし,The Lion Dance,"Lion Dance, The",1936,Bunraku April 1988 Performance Program
51,Saiyūki,Saiyuki,西遊記,さいゆうき,Pilgrimage to the West,Pilgrimage to the West,1816,"Bunraku August 1988 Performance Program; Kokuritsu Gekijō jōen shiryōshū, edited by Kokuritsu Gekijō Geinō Chōsashitsu, vol. 194, September 1981 Program"
52,Sekitori senryō nobori,Sekitori senryo nobori,関取千両幟,せきとりせんりょうのぼり,The Sumo Wrestler's Banner,"Sumo Wrestler's Banner, The",1767,Bunraku July 1986 Performance Program
53,Shichifukujin takara no irifune,Shichifukujin takara no irifune,七福神宝の入舩,しちふくじんたからのいりふね,The Seven Gods of Fortune,"Seven Gods of Fortune, The",[n.d.],Bunraku January 1986 Performance Program
54,Shinjū kasaneizutsu,Shinju kasaneizutsu,心中重井筒,しんじゅうかさねいづつ,The Love Suicide of Tokubei and Ofusa,"Love Suicide of Tokubei and Ofusa, The",1707 or 1708,"Kokuritsu Gekijō jōen shiryōshū, edited by Kokuritsu Gekijō Geinō Chōsashitsu, vol. 161, February 1979; Hironaga, Shūzaburō, The Bunraku Handbook (Tokyo: Maison des Arts, 1976); Bunraku February 1979, February 1997 Performance Programs"
55,Shinrei Yaguchi no watashi,Shinrei Yaguchi no watashi,神霊矢口渡,しんれいやぐちのわたし,The Yaguchi Ferry,"Yaguchi Ferry, The",1770,"Hironaga, Shūzaburō, The Bunraku Handbook (Tokyo: Maison des Arts, 1976); Bunraku May 1975 Performance Program"
56,Shin usuyuki monogatari,Shin usuyuki monogatari,新薄雪物語,しんうすゆきものがたり,The New Usuyuki Story,"New Usuyuki Story, The",1741,"Keene, Donald, Bunraku: The Art of the Japanese Puppet Theatre (Tokyo: Kodansha International, 1973); Bunraku September 1980 Performance Program"
57,Shōutsushi asagao banashi,Shoutsushi asagaobanashi,生写朝顔話,しょううつしあさがおばなし,The Story of the Morning Glory,"Story of the Morning Glory, The",1832,"Hironaga, Shūzaburō, The Bunraku Handbook (Tokyo: Maison des Arts, 1976); Keene, Donald, Bunraku: The Art of the Japanese Puppet Theatre (Tokyo: Kodansha International, 1973); Bunraku May 1978 Performance Program"
58,Tamamo no mae asahi no tamoto,Tamamonomae asahi no tamoto,玉藻前曦袂,たまものまえあさひのたもと,The Nine-Tailed Fox,"Nine-Tailed Fox, The",1806,"Keene, Donald, Bunraku: The Art of the Japanese Puppet Theatre (Tokyo: Kodansha International, 1973); Hironaga, Shūzaburō, The Bunraku Handbook (Tokyo: Maison des Arts, 1976); Kokuritsu Gekijō jōen shiryōshū, edited by Kokuritsu Gekijō Geinō Chōsashitsu, vol. 206, September 1982; Bunraku September 1982 Performance Program"
59,Tōkai dōchu hizakurige,Tokai dochu hizakurige,東海道中膝栗毛,とうかいどうちゅうひざくりげ,The Shank's Mare along the Tokaido Highway,"Shank's Mare along the Tokaido Highway, The",[ca. 1854],"Hironaga, Shūzaburō, The Bunraku Handbook (Tokyo: Maison des Arts, 1976); Bunraku July 1988 Performance Program"
60,Tsubosaka Kannon reigenki,Tsubosaka Kannon reigenki,壺坂観音霊験記,つぼさかかんのんれいげんき,The Miracle at the Tsubosaka Kannon Temple,"Miracle at the Tsubosaka Kannon Temple, The",1879,"Keene, Donald, Bunraku: The Art of the Japanese Puppet Theatre (Tokyo: Kodansha International, 1973); Bunraku January 1989 Performance Program; Kokuritsu Gekijō jōen shiryōshū, edited by Kokuritsu Gekijō Geinō Chōsashitsu, vol. 246, December 1985; Hironaga, Shūzaburō, The Bunraku Handbook (Tokyo: Maison des Arts, 1976); Traditional Japanese Theater: An Anthology of Plays, edited by Karen Brazell (New York: Columbia University Press, 1998)"
61,Yari no Gonza kasane katabira,Yari no Gonza kasane katabira,鑓の権三重帷子,やりのごんざかさねかたびら,Gonza the Lancer,Gonza the Lancer,1717,"Major Plays of Chikamatsu, translated by Donald Keene, (New York: Columbia University Press, 1961); Hironaga, Shūzaburō, The Bunraku Handbook (Tokyo: Maison des Arts, 1976); Bunraku February 1983 Performance Program"
62,Yoshitsune senbonzakura,Yoshitsune senbonzakura,義経千本桜,よしつねせんぼんざくら,Yoshitsune and a Thousand Cherry Trees,Yoshitsune and a Thousand Cherry Trees,1747,"Traditional Japanese Theater: An Anthology of Plays, edited by Karen Brazell (New York: Columbia University Press, 1998); Kokuritsu Gekijō jōen shiryōshū, edited by Kokuritsu Gekijō Geinō Chōsashitsu, vol. 191, May 1981; Hironaga, Shūzaburō, The Bunraku Handbook (Tokyo: Maison des Arts, 1976); Bunraku May 1981 Performance Program"
63,Kanadehon Chūshingura,Kanadehon Chushingura,仮名手本忠臣蔵,かなでほんちゅうしんぐら,The League of the 47 Ronin,"League of the 47 Ronin, The",1748,"Keene, Donald, Bunraku: The Art of the Japanese Puppet Theatre (Tokyo: Kodansha International, 1973); Kokuritsu Gekijō jōen shiryōshū, edited by Kokuritsu Gekijō Geinō Chōsashitsu, vol. 197, December 1981; Bunraku December 1976, January 1985 Performance Programs"
64,Hanakurabe shiki no kotobuki,Hanakurabe shiki no kotobuki,花競四季寿,はなくらべしきのことぶき,The Dances of the Four Seasons,"Dances of the Four Seasons, The",1809,"Kokuritsu Gekijō jōen shiryōshū, edited by Kokuritsu Gekijō Geinō Chōsashitsu, vol. 154, August 1978; Bunraku January 1994 Performance Program"
65,Hibariyama himesute no matsu,Hibariyama himesute no matsu,ひばり山(鶊山)姫捨松,ひばりやまひめすてのまつ,The Pines on Mount Hibari,"Pines on Mount Hibari,, The",1740,"Hironaga, Shūzaburō, The Bunraku Handbook (Tokyo: Maison des Arts, 1976); Bunraku January 1992 Performance Program"
66,Goshozakura horikawa youchi,Goshozakura horikawa youchi,御所桜堀川夜討,ごしょざくらほりかわようち,The Cherry Trees of the Imperial Palace,"Cherry Trees of the Imperial Palace, The",1737,"Hironaga, Shūzaburō, The Bunraku Handbook (Tokyo: Maison des Arts, 1976); Kokuritsu Bunraku Gekijō jōen shiryōshū, edited by Kokuritsu Bunraku Gekijō Chōsayōseika, vol. 8, April 1985; Bunraku April 1985 Performance Program"
67,Zōho Ōeyama,Zoho Oeyama,増補大江山,ぞうほおおえやま,The Ogress of Mt. Oe,"Ogress of Mt. Oe, The",1900,"Bunraku June 1985 Performance Program; Keene, Donald, Bunraku: The Art of the Japanese Puppet Theatre (Tokyo: Kodansha International, 1973)"
68,Rōbensugi no yurai,Robensugi no yurai,良弁杉由来,ろうべんすぎのゆらい,The Story of Priest Roben,"Story of Priest Roben, The",1887,"Hironaga, Shūzaburō, The Bunraku Handbook (Tokyo: Maison des Arts, 1976); Keene, Donald, Bunraku: The Art of the Japanese Puppet Theatre (Tokyo: Kodansha International, 1973); Kokuritsu Gekijō jōen shiryōshū, edited by Kokuritsu Gekijō Geinō Chōsashitsu, vol. 35, May 1969; Bunraku January 1998 Performance Program"
70,Tsuri onna,Tsuri onna,釣女,つりおんな,Fishing for Wives,Fishing for Wives,1936,"Hironaga, Shūzaburō, The Bunraku Handbook (Tokyo: Maison des Arts, 1976); Bunraku January 1985 Performance Program"
71,Natsumatsuri Naniwa kagami,Natsumatsuri Naniwa kagami,夏祭浪花鑑,なつまつりなにわかがみ,The Summer Festival at Naniwa,"Summer Festival at Naniwa, The",1745,"Keene, Donald, Bunraku: The Art of the Japanese Puppet Theatre (Tokyo: Kodansha International, 1973); Kokuritsu Gekijō jōen shiryōshū, edited by Kokuritsu Gekijō Geinō Chōsashitsu, vol. 177, May 1980; Hironaga, Shūzaburō, The Bunraku Handbook (Tokyo: Maison des Arts, 1976); July 1985 Program"
72,Ichinotani futaba gunki,Ichinotani futaba gunki,一谷嫩軍記,いちのたにふたばぐんき,The Battle of Ichinotani,"Battle of Ichinotani, The",1751,"Kokuritsu Gekijō jōen shiryōshū, edited by Kokuritsu Gekijō Geinō Chōsashitsu, vol. 164, May 1979; Keene, Donald, Bunraku: The Art of the Japanese Puppet Theatre (Tokyo: Kodansha International, 1973); Hironaga, Shūzaburō, The Bunraku Handbook (Tokyo: Maison des Arts, 1976); Bunraku February 1975 Performance Program; Traditional Japanese Theater: An Anthology of Plays, edited by Karen Brazell (New York: Columbia University Press, 1998)"
73,Sugawara denju tenarai kagami,Sugawara denju tenarai kagami,菅原伝授手習鑑,すがわらでんじゅてならいかがみ,Sugawara's Secrets of Calligraphy,Sugawara's Secrets of Calligraphy,1746,"Kokuritsu Gekijō jōen shiryōshū, edited by Kokuritsu Gekijō Geinō Chōsashitsu, vol. 149, February 1978; Bunraku May 1972 Program; Keene, Donald, Bunraku: The Art of the Japanese Puppet Theatre (Tokyo: Kodansha International, 1973)"
74,Ne mo saeru haru no usuzuki,Ne mo saeru haru no usuzuki,音冴春臼月,ねもさえるはるのうすづき,The Dumpling Peddlers,"Dumpling Peddlers, The",1879,"Hironaga, Shūzaburō, The Bunraku Handbook (Tokyo: Maison des Arts, 1976); Kokuritsu Gekijō jōen shiryōshū, edited by Kokuritsu Gekijō Geinō Chōsashitsu, vol. 218, September 1983; Bunraku  November 1974 Performance Program"
75,Sesshū Gappō ga Tsuji,Sesshu Gappo ga Tsuji,摂州合邦辻,せっしゅうがっぽうがつじ,The Crossroads of Gappo,"Crossroads of Gappo, The",1773,"Kokuritsu Gekijō jōen shiryōshū, edited by Kokuritsu Gekijō Geinō Chōsashitsu, vol. 164, May 1979; Keene, Donald, Bunraku: The Art of the Japanese Puppet Theatre (Tokyo: Kodansha International, 1973); Hironaga, Shūzaburō, The Bunraku Handbook (Tokyo: Maison des Arts, 1976); Bunraku September 1980 Performance Program"
76,Daikyōji mukashigoyomi,Daikyoji mukashigoyomi,大経師昔暦,だいきょうじむかしごよみ,The Ancient Calendar,"Ancient Calendar, The",1715,"Bunraku February 1983 Performance Program (and all other 3 programs); Hironaga, Shūzaburō, The Bunraku Handbook (Tokyo: Maison des Arts, 1976)"
77,Sanjūsangendō munagi no yurai,Sanjusangendo munagi no yurai,三十三間堂棟由来,さんじゅうさんげんどうむなぎのゆらい,The Ridge Pole of the Sanjusangendo Temple,"Ridge Pole of the Sanjusangendo Temple, The",1760,"Hironaga, Shūzaburō, The Bunraku Handbook (Tokyo: Maison des Arts, 1976); Kokuritsu Gekijō jōen shiryōshū, edited by Kokuritsu Gekijō Geinō Chōsashitsu, vol. 242, August 1985; February 1977 Program"
78,Hikosan gongen chikai no sukedachi,Hikosan gongen chikai no sukedachi,彦山権現誓助剣,ひこさんごんげんちかいのすけだち,The Vow of Rokusuke,"Vow of Rokusuke, The",1786,"Kokuritsu Gekijō jōen shiryōshū, edited by Kokuritsu Gekijō Geinō Chōsashitsu, vol. 428, December 2000; Hironaga, Shūzaburō, The Bunraku Handbook (Tokyo: Maison des Arts, 1976); Bunraku September 1975 Performance Program"
79,Imoseyama onna teikin,Imoseyama onna teikin,妹背山婦女庭訓,いもせやまおんなていきん,The Teachings for Women,"Teachings for Women, The",1771,"Keene, Donald, Bunraku: The Art of the Japanese Puppet Theatre (Tokyo: Kodansha International, 1973); Kokuritsu Gekijō jōen shiryōshū, edited by Kokuritsu Gekijō Geinō Chōsashitsu, vol. 255, August 1986; Bunraku April 1986 Performance Program"
80,Shinpan utazaimon,Shinpan utazaimon,新版歌祭文,しんぱんうたざいもん,The Love of Osome and Hisamatsu,"Love of Osome and Hisamatsu, The",1780,"Keene, Donald, Bunraku: The Art of the Japanese Puppet Theatre (Tokyo: Kodansha International, 1973); Hironaga, Shūzaburō, The Bunraku Handbook (Tokyo: Maison des Arts, 1976); January 1993 Program; February 1971 Program"
81,Suma no miyako genpei tsutsuji,Suma no miyako genpei tsutsuji,須磨都源平躑躅,すまのみやこげんぺいつつじ,Kumagai at the Fan Shop,Kumagai at the Fan Shop,1730,"Hironaga, Shūzaburō, The Bunraku Handbook (Tokyo: Maison des Arts, 1976); Bunraku May 1976 Performance Program"
82,Hadesugata onna maiginu,Hadesugata onna maiginu,艶容女舞衣,はですがたおんなまいぎぬ,A Tragic Love Triangle,"Tragic Love Triangle, The",1772,"Keene, Donald, Bunraku: The Art of the Japanese Puppet Theatre (Tokyo: Kodansha International, 1973); Hironaga, Shūzaburō, The Bunraku Handbook (Tokyo: Maison des Arts, 1976);  Kokuritsu Gekijō jōen shiryōshū, edited by Kokuritsu Gekijō Geinō Chōsashitsu, vol. 218, Bunraku September 1983, January 1987 Performance Programs"
83,Dannoura kabuto gunki,Dannoura kabuto gunki,壇浦兜軍記,だんのうらかぶとぐんき,The Battle of Dannoura,"Battle of Dannoura, The",1732,"Keene, Donald, Bunraku: The Art of the Japanese Puppet Theatre (Tokyo: Kodansha International, 1973); Hironaga, Shūzaburō, The Bunraku Handbook (Tokyo: Maison des Arts, 1976); Bunraku April 1985 Performance Program"
85,Goban taiheiki,Goban taiheiki,"碁盤太平記
碁盤太平記",ごばんたいへいき,The Go Game Strategy,"Go Game Strategy, The",1706,Bunraku February 1980 Performance Program
86,Onshū no kanata ni,Onshu no kanata ni,恩讐の彼方に,おんしゅうのかなたに,More Worthy than Revenge,More Wothy than Revenge,1939,"Hironaga, Shūzaburō, The Bunraku Handbook (Tokyo: Maison des Arts, 1976); Bunraku November 1964 Yukahon; Kikuchi, Kan, Beyond the Pale of Vengeance, translated by Teru Kikuchi (Kyoto : Karin Bunko, 1962)"
87,Kuruwa bunshō,Kuruwa bunsho,曲輪ぶんしょう,くるわぶんしょう,The Romance in the Gay Quarters,"Romance in the Gay Quarters, The",1794,"Hironaga, Shūzaburō, The Bunraku Handbook (Tokyo: Maison des Arts, 1976); Kabuki tōjō jinbutsu jiten (Tokyo: Hakusuisha, 2006), p. 687; January 1990 Program"
88,Mojo zakura yuki no miyashiro,Mojo zakura yuki no miyashiro,盲杖桜雪社,もうじょうざくらゆきのみやしろ,The Three Blind Masseurs,"Three Blind Masseurs, The",1884,"Keene, Donald, Bunraku: The Art of the Japanese Puppet Theatre (Tokyo: Kodansha International, 1973); Hironaga, Shūzaburō, The Bunraku Handbook (Tokyo: Maison des Arts, 1976); Bunraku February 1968, October 1977 Performance Programs"
89,Hibariyama koseki no matsu,Hibariyama koseki no matsu,ひばり山古跡松,ひばりやまこせきのまつ,The Pines on Mount Hibari,"Pines on Mount Hibari, The",1797,Bunraku February 1968 Performance Program
90,Ōmi Genji senjin yakata,Omi Genji senjin yakata,近江源氏先陣館,おうみげんじせんじんやかた,The Battle of Sakamoto Castle,"Battle of Sakamoto Castle, The",1769,"Kokuritsu Gekijō jōen shiryōshū, edited by Kokuritsu Gekijō Geinō Chōsashitsu, vol. 215, May 1983; Keene, Donald, Bunraku: The Art of the Japanese Puppet Theatre (Tokyo: Kodansha International, 1973); Bunraku May 1983 Performance Program"
91,Michiyuki hatsune no tabi,Michiyuki hatsune no tabi,道行初音旅,みちゆきはつせのたび,The Travel on Mt. Yoshino,"Travel on Mt. Yoshino, The",1747,"Kokuritsu Gekijō jōen shiryōshū, edited by Kokuritsu Gekijō Geinō Chōsashitsu, vol. 41, September 1969; Bunraku May 1981 Performance Program"
92,Sakuratsuba urami no samezaya,Sakuratsuba urami no samezaya,桜鍔恨鮫鞘,さくらつばうらみのさめざや,The Inauspicious Sword,"Inauspicious Sword, The",1773,"Hironaga, Shūzaburō, The Bunraku Handbook (Tokyo: Maison des Arts, 1976); Bunraku November 1971, November 1993 Performance Programs"
93,Genpei Nunobiki no taki,Genpei Nunobiki no taki,源平布引滝,げんぺいぬのびきのたき,The Nunobiki Waterfall,"Nunobiki Waterfall, The",1749,"Hironaga, Shūzaburō, The Bunraku Handbook (Tokyo: Maison des Arts, 1976); Kokuritsu Gekijō jōen shiryōshū, edited by Kokuritsu Gekijō Geinō Chōsashitsu, vol. 194, September 1981; Bunraku October 1974 Performance Program"
94,Katakiuchi tsuzure no nishiki,Katakiuchi tsuzure no nishiki,敵討襤褸錦敵討襤褸錦,かたきうちつずれのにしき,The Vendetta by a Samurai in Rags,"Vendetta by a Samurai in Rags, The",1736,"Hironaga, Shūzaburō, The Bunraku Handbook (Tokyo: Maison des Arts, 1976); Kokuritsu Gekijō jōen shiryōshū, edited by Kokuritsu Gekijō Geinō Chōsashitsu, vol. 310, February 1991; Bunraku February 1991 Performance Program"
95,Kusunoki mukashibanashi,Kusunoki mukashibanashi,楠昔噺,くすのきむかしばなし,The Old Tale of Kusunoki,"Old Tale of Kusunoki, The",1746,"Hironaga, Shūzaburō, The Bunraku Handbook (Tokyo: Maison des Arts, 1976); Kokuritsu Gekijō jōen shiryōshū, edited by Kokuritsu Gekijō Geinō Chōsashitsu, vol. 93, May 1973; Bunraku May 1990 Performance Program"
96,Sannin katawa,Sannin katawa,三人片輪,さんにんかたわ,The Three Oddities,"Three Oddities, The",1937,"Hironaga, Shūzaburō, The Bunraku Handbook (Tokyo: Maison des Arts, 1976); Bunraku September 1972 Performance Program"
97,Koibikyaku Yamato ōrai,Koibikyaku Yamato orai,恋飛脚大和往来,こいびきゃくやまとおうらい,The Amorous Courier on the Yamato Highway,"Amorous Courier on the Yamato Highway, The",1773,"Hironaga, Shūzaburō, The Bunraku Handbook (Tokyo: Maison des Arts, 1976); Bunraku October 1971 Performance Program"
98,Zōho chūshingura,Zoho chushingura,増補忠臣蔵,ぞうほちゅうしんぐら,A Supplement to Chushingura,"Supplement to Chushingura, A",1892,"Kokuritsu Gekijō jōen shiryōshū, edited by Kokuritsu Gekijō Geinō Chōsashitsu, vol.  143, September 1977; Hironaga, Shūzaburō, The Bunraku Handbook (Tokyo: Maison des Arts, 1976); Bunraku September 1977 Performance Program"
99,Chinsetsu yumi harizuki,Chinsetsu yumi harizuki,椿説弓張月,ちんせつゆみはりづき,Tametomo The Archer General,Tametomo The Archer General,1971; 1720 (Chinzei Hachirō Morokoshibune by Ki Kaion),"Kokuritsu Gekijō jōen shiryōshū, edited by Kokuritsu Gekijō Geinō Chōsashitsu, vol. 44, November 1969; Bunraku November 1971 Performance Program"
100,Kotobuki shikisanbasō,Kotobuki shikisanbaso,寿式三番叟,ことぶきしきさんばそう,The Dance of Sambaso,"Dance of Sambaso, The",1766 (1878 under the present title),"Kokuritsu Gekijō jōen shiryōshū, edited by Kokuritsu Gekijō Geinō Chōsashitsu, vol. 177, May 1980; Bunraku May 1980 Performance Program"
101,Taiheiki chūshin kōshaku,Taiheiki chushin koshaku,太平記忠臣講釈,たいへいきちゅうしんこうしゃく,The Loyal Samurai,"Loyal Samurai, The",1766,November 1993 Program; February 1972 Program
102,Modoribashi,Modoribashi,戻り橋,もどりばし,The Modoribashi Bridge,"Modoribashi Bridge, The",1900,"Bunraku April 1972 Performance Program; Keene, Donald, Bunraku: The Art of the Japanese Puppet Theatre (Tokyo: Kodansha International, 1973)"
103,Nezumi no sōshi,Nezumi no soshi,鼠のそうし,ねずみのそうし,The Rat's Romance,"Rat's Romance, The",1972,Bunraku August 1989 Performance Program
104,Ise ondo koi no netaba,Ise ondo koi no netaba,伊勢音頭恋寝刃,いせおんどこいのねたば,The Bloodshed at Ise,"Bloodshed at Ise, The",1838,"Kokuritsu Gekijō jōen shiryōshū, edited by Kokuritsu Gekijō Geinō Chōsashitsu, vol. 177, May 1980; Bunraku May 1980 Performance Program; Hironaga, Shūzaburō, The Bunraku Handbook (Tokyo: Maison des Arts, 1976)"
105,Kishi no himematsu kutsuwa kagami,Kishi no himematsu kutsuwa kagami,岸姫松轡鑑,きしのひめまつくつわかがみ,The Pine Tree on the River Bank,"Pine Tree on the River Bank, The",1762,"Keene, Donald, Bunraku: The Art of the Japanese Puppet Theatre (Tokyo: Kodansha International, 1973); Bunraku September 1972 Performance Program; Kishino Himematsu Kutsuwa Kagami (S.l.: s.n., 1762), bibliographic record retrieved from NACSIS Webcat."
106,Shinshū Kawanakajima kassen,Shinshu Kawanakajima kassen,信州川中島合戦,しんしゅうかわなかじまかっせん,The Battle of Kawanakajima,"Battle of Kawanakajima, The",1721,"Hironaga, Shūzaburō, The Bunraku Handbook (Tokyo: Maison des Arts, 1976); Chikamatsu: 5 Late Plays, translated and annotated by C. Andrew Gerstle (New York: Columbia University Press, c2001); Bunraku February 1996, May 1973 Performance Programs"
107,Gojūnenki utanebutsu,Gojūnenki utanebutsu,五十年忌歌念仏,ごじゅうねんきうたねんぶつ,The Fiftieth Death Anniversary,"Fiftieth Death Anniversary, The",1709,"Kokuritsu Gekijō jōen shiryōshū, edited by Kokuritsu Gekijō Geinō Chōsashitsu, vol. 93, May 1973; Bunraku May 1973 Performance Program; Hironaga, Shūzaburō, The Bunraku Handbook (Tokyo: Maison des Arts, 1976)"
108,Kamiko-jitate ryōmenkagami,Kamiko-jitate ryomenkagami,紙子仕立両面鑑,かみこじたてりょうめんかがみ,The Faithful Wife,"Faithful Wife, The",1768,"Hironaga, Shūzaburō, The Bunraku Handbook (Tokyo: Maison des Arts, 1976); Bunraku September 1973 Performance Program"
109,Datemusume koi no higanoko,Datemusume koi no higanoko,伊達娘恋緋鹿子,だてむすめこいのひがのこ,The Red-Hot Love of the Greengrocer's Daughter,"Red-Hot Love of the Greengrocer's Daughter, The",1773,"Bunraku January 1986 Performance Program; Hironaga, Shūzaburō, The Bunraku Handbook (Tokyo: Maison des Arts, 1976)"
110,Ōshu Adachigahara,Oshu Adachigahara,奥州安達原,おうしゅうあだちがはら,The Adachi Plain in Oshu,"Adachi Plain in Oshu, The",1762,"Kokuritsu Gekijō jōen shiryōshū, edited by Kokuritsu Gekijō Geinō Chōsashitsu, vol. 209, December 1982; Bunraku February 1973 Performance Program"
111,Mizuni utsuru enishi no tomozuna,Mizuni utsuru enishi no tomozuna,水映縁友綱,みずにうつるえにしのともづな,The Grateful Cormorant,"Grateful Cormorant, The",1962,Bunraku July 1991 Performance Program
112,Botan dōrō,Botan doro,牡丹燈籠,ぼたんどうろう,Botan doro (The Peony Lantern),Botan doro (The Peony Lantern),[1945+],May 1973 Shinobu Omokage Kizaemon no kai Program; No English Program; No English title available
113,Yūgiri Awa no Naruto,Yugiri Awa no Naruto,夕霧阿波鳴渡,ゆうぎりあわのなると,The Courtesan Yugiri,"Courtesan Yugiri, The",1712,"Keene, Donald, Bunraku: The Art of the Japanese Puppet Theatre (Tokyo: Kodansha International, 1973); Kokuritsu Gekijō jōen shiryōshū, edited by Kokuritsu Gekijō Geinō Chōsashitsu, vol. 259, February 1987; Hironaga, Shūzaburō, The Bunraku Handbook (Tokyo: Maison des Arts, 1976); Bunraku February 1987 Performance Program"
114,Hadekurabe Ise monogatari,Hadekurabe Ise monogatari,競伊勢物語,はでくらべいせものがたり,The Tales of Ise,"Tales of Ise, The",1775,"Hironaga, Shūzaburō, The Bunraku Handbook (Tokyo: Maison des Arts, 1976); Kokuritsu Gekijō jōen shiryōshū, edited by Kokuritsu Gekijō Geinō Chōsashitsu, vol. 265, September 1987; Bunraku July 1987 Performance Program"
115,Chō no michiyuki,Cho no michiyuki,蝶の道行,ちょうのみちゆき,The Travelling Butterflies,"Travelling Butterflies, The",1784,Bunraku April 1974 Performance Program
116,Koi no tayori Yamato ōrai,Koi no tayori Yamato orai,恋飛脚大和往来,こいのたよりやまとおうらい,The Amorous Courier on the Yamato Highway,"Amorous Courier on the Yamato Highway, The",1773,"Keene, Donald, Bunraku: The Art of the Japanese Puppet Theatre (Tokyo: Kodansha International, 1973); Bunraku January 1982 Performance Program"
118,Ryūko,Ryuko,龍虎,りゅうこ,The Dragon and the Tiger,"Dragon and the Tiger, The",[n.d.],Bunraku January 1975 Performance Program
119,Ninin kamuro,Ninin kamuro,二人禿,ににんかむろ,Two Girl Attendants to a Courtesan,Two Girl Attendants to a Courtesan,1948,"Hironaga, Shūzaburō, The Bunraku Handbook (Tokyo: Maison des Arts, 1976); Bunraku February 1975, December 1985 Performance Programs"
120,Hiyoshimaru wakaki no sakura,Hiyoshimaru wakaki no sakura,日吉丸稚桜,ひよしまるわかきのさくら,The Young Cherry Tree,"Young Cherry Tree, The",1801,Bunraku April 1975 Performance Program
121,Kume no sennin Yoshino zakura,Kume no sennin Yoshino zakura,粂仙人吉野花王,くめせんにんよしのざくら,The Enticed High Priest,"Enticed High Priest, The",1743,Bunraku April 1975 Performance Program
122,Seishū Akogigaura,Seishu Akogigaura,勢州阿漕浦,せいしゅうあこぎがうら,Akogi Bay in Ise Province,Akogi Bay in Ise Province,1741,"Hironaga, Shūzaburō, The Bunraku Handbook (Tokyo: Maison des Arts, 1976); Kokuritsu Gekijō jōen shiryōshū, edited by Kokuritsu Gekijō Geinō Chōsashitsu, vol. 23, June 1968; Bunraku August 1984 Performance Program"
125,Meiboku kasane monogatari,Meiboku kasane monogatari,薫樹累物語,めいぼくかさねものがたり,The Story of Kasane,"Story of Kasane, The",1790,"Hironaga, Shūzaburō, The Bunraku Handbook (Tokyo: Maison des Arts, 1976); Heron Girl, The; Bunraku July 1988, July 2002 Performance Programs"
126,Bakekurabe ushimitsu no kane,Bakekurabe ushimitsu no kane,化競丑満鐘,ばけくらべうしみつのかね,The Story of Monsters,"Story of Monsters, The",1800,"Kokuritsu Gekijō jōen shiryōshū, edited by Kokuritsu Gekijō Geinō Chōsashitsu, vol. 230, August 1984; Bunraku August 1984 Performance Program"
127,Yuki wa konkon sugata no mizuumi,Yuki wa konkon sugata no mizuumi,雪狐々姿湖,ゆきわこんこんすがたのみずうみ,The Hunter and the Female Fox,"Hunter and the Female Fox, The",1956,"Hironaga, Shūzaburō, The Bunraku Handbook (Tokyo: Maison des Arts, 1976); Bunraku November 1985 Performance Program"
129,Ninin sanbasō,Ninin sanbaso,二人三番叟,ににんさんばそう,The Dance of Sambaso,"Dance of Sambaso, The",1766 (1878 under the present title),"Kokuritsu Gekijō jōen shiryōshū, edited by Kokuritsu Gekijō Geinō Chōsashitsu, vol. 177, May 1980"
130,Sanshō Dayu,Sansho Dayu,さんしょう太夫,さんしょうだゆう,Sansho Dayu,Sansho Dayu,1976,English title not available in any publications. Staged at August 1977 Sōsaku Bunraku performance; No English title available
131,Nami,Nami,波,なみ,Nami (The Wave),Nami (The Wave),[n.d.],English title not available in any publications. Staged at May 1978 Shinobukai performance; No English title available
133,Hatsuse mōde,Hatsuse mode,初瀬詣,はつせもうで,Hatsuse mode,Hatsuse mode,[n.d.],English title not available in any publications. Staged at May 1978 Shinobukai performance; No English title available
134,Omon Tōda,Omon Toda,おもん藤太,おもんとうだ,Omon Toda,Omon Toda,[n.d.],English title not available in any publications. Staged at May 1978 Shinobukai performance. Listed in Bunka dejitaru raiburarii; No English title available
135,Hachijin shugo no honjō,Hachijin shugo no honjo,八陣守護城,はちじんしゅごのほんじょう,Masakiyo's Loyalty,Masakiyo's Loyalty,1807,"Hironaga, Shūzaburō, The Bunraku Handbook (Tokyo: Maison des Arts, 1976); Kokuritsu Gekijō jōen shiryōshū, edited by Kokuritsu Gekijō Geinō Chōsashitsu, vol. 168, September 1979; Bunraku September 1979 Performance Program"
136,Matsukaze murasame sokutai kagami,Matsukaze murasame sokutai kagami,松風村雨束帯鑑,まつかぜむらさめそくたいかがみ,The Story of Matsukaza and Murasame,"Story of Matsukaza and Murasame, The",1705 or 1706,"Bunraku February 1986, November 1989 Performance Programs"
137,Ten no Amijima shigure no kotatsu,Ten no Amijima shigure no kotatsu,天網島時雨炬燵,てんのあみじましぐれのこたつ,The Love Suicide at Amijima,"Love Suicide at Amijima, The",1791,"Kokuritsu Bunraku Gekijō jōen shiryōshū, edited by Kokuritsu Bunraku Gekijō Chōsayōseika, vol. 8, April 1985; Bunraku April 1985, January 1994 Performance Programs"
138,Dangouri,Dangouri,団子売,だんごうり,The Dumpling Peddlers,"Dumpling Peddlers, The",1879,"Hironaga, Shūzaburō, The Bunraku Handbook (Tokyo: Maison des Arts, 1976); Kokuritsu Gekijō jōen shiryōshū, edited by Kokuritsu Gekijō Geinō Chōsashitsu, vol. 218, September 1983; Bunraku September 1980 Performance Program"
139,Gotenjiku,Gotenjiku,五天竺,ごてんじく,Monkey,Monkey,1816,"Kokuritsu Gekijō jōen shiryōshū, edited by Kokuritsu Gekijō Geinō Chōsashitsu, vol. 194, September 1981 Program; Bunraku September 1985 Performance Program"
140,Kōjō,Kojo,口上,こうじょう,Kojo (Formal Announcement),Kojo (Formal Announcement),,
141,Yura no minamoto sengen chōja,Yura no minamoto sengen choja,由良湊千軒長者,ゆらのみなもとせんげんちょうじゃ,The Cruel Employer,"Cruel Employer, The",1761,Bunraku March 1988 Performance Program
142,Karukaya Dōshin Tsukushi no iezuto,Karukaya Doshin Tsukushi no iezuto,苅萱桑門筑紫いえづと,かるかやどうしんつくしのいえずと,The Priest Karukaya and the Souvenir of Tsukushi,"Priest Karukaya and the Souvenir of Tsukushi, The",1735,"Bunraku September 1993 Performance Program;Hironaga, Shūzaburō, The Bunraku Handbook (Tokyo: Maison des Arts, 1976);  Kokuritsu Gekijō jōen shiryōshū, edited by Kokuritsu Gekijō Geinō Chōsashitsu, vol. 218, September 1983; Bunraku September 1983 Performance Program"
143,Michiyuki tabiji no yomeiri,Michiyuki tabiji no yomeiri,道行旅路の嫁入,みちゆきたびじのよめいり,The Bridal Journey,"Bridal Journey, The",1748,"Bunraku November 1984 Performance Program; Kokuritsu Gekijō jōen shiryōshū, edited by Kokuritsu Gekijō Geinō Chōsashitsu, vol. 197, December 1981"
144,Zōhō koibakke,Zoho koibakke,増補恋八卦,ぞうほこいばっかけ,The Tragedy of Love in Error,"Tragedy of Love in Error, The","1951 (1715 as Daikyōji, 1740 as Koihakke)","Kokuritsu Bunraku Gekijō jōen shiryōshū, edited by Kokuritsu Bunraku Gekijō Chōsayōseika, vol. 8, April 1985; Bunraku April 1985 Performance Program"
145,Danbatake,Danbatake,段ばたけ「色模様文五郎好み」より,だんばたけ,The Vegetable Farm,"Vegetable Farm, The",1948,Bunraku July 1985 Performance Program
146,Keisei yamato zōshi,Keisei yamato zoshi,契情倭荘子,けいせいやまとぞうし,The Butterfly Couple in the Other World,"Butterfly Couple in the Other World, The",1784,"Kokuritsu Gekijō jōen shiryōshū, edited by Kokuritsu Gekijō Geinō Chōsashitsu, vol. 242, August 1985; Bunraku May 1992 Performance Program"
147,Dōjōji iriai zakura,Dojoji iriai zakura,道成寺入相花王,どうじょうじいりあいざくら,The Cherry Blossoms of the Dojoji Temple,"Cherry Blossoms of the Dojoji Temple, The","1759 (under the title, Hidakagawa Iriai Zakura)","Bunraku November 1985 Performance Program; Kokuritsu Gekijō jōen shiryōshū, edited by Kokuritsu Gekijō Geinō Chōsashitsu, vol. 177, May 1980 (Hidakagawa)"
148,Shusse Kagekiyo,Shusse Kagekiyo,出世景清,しゅっせかげきよ,The Imprisoned Warrior,"Imprisoned Warrior, The",1686,Bunraku November 1985 Performance Program
149,Miura no Ōsuke kōbai Tazuna,Miura no Osuke kobai tazuna,三浦大助紅梅たづな,みうらのおおすけこうばいたづな,Kajiwara The Swordsman,Kajiwara The Swordsman,1730,Bunraku January 1986 Performance Program
150,Kotobuki renri no matsu,Kotobuki renri no matsu,寿連理の松,ことぶきれんりのまつ,The Eternal Love of Onatsu and Seijurō,"Eternal Love of Onatsu and Seijurō, The",1820,Bunraku January 1986 Performance Program
151,Yadonashi Danshichi shigure no karakasa,Yadonashi Danshichi shigure no karakasa,宿無団七時雨傘,やどなしだんしちしぐれのからかさ,Danshichi the Homeless,Danshichi the Homeless,1805,Bunraku July 1986 Performance Program
152,Shunkin shō,Shunkin sho,春琴抄,しゅんきんしょう,The Story of Shunkin,"Story of Shunkin, The",1957,Bunraku August 1986 Performance Program
153,Yaoya no kondate,Yaoya no kondate,八百屋献立,やおやのこんだて,The Greengrocer's Tragedy,"Greengrocer's Tragedy, The",1823,"Hironaga, Shūzaburō, The Bunraku Handbook (Tokyo: Maison des Arts, 1976); Bunraku August 1986 Performance Program"
154,Ōeyama shutendōji,Oeyama shutendoji,大江山酒呑童子,おおえやましゅてんどうじ,Mt. Oeyama,Mt. Oeyama,1854,"Bunraku August 1987, August 1991, August 2001 Performance Program"
155,Ochō fujin,Ocho fujin,お蝶夫人,おちょうふじん,Madame Butterfly,Madame Butterfly,1956,Bunraku August 1987 Performance Program
156,Meoto zenzai,Meoto zenzai,夫婦善哉,めおとぜんざい,The Disinherited Son,"Disinherited Son, The",1956,Bunraku July 1990 Performance Program
157,Modorikago iro ni aikata,Modorikago iro ni aikata,戻駕色相肩,もどりかごいろのあいかた,The Happy-Go-Lucky Palanquin Bearers,"Happy-Go-Lucky Palanquin Bearers, The",[n.d.],Bunraku March 1988 Performance Program
158,Maidake,Maidake,舞い茸,まいだけ,The Dancing Mushrooms,"Dancing Mushrooms, The",1963,Bunraku August 1988 Performance Program
159,Ohan,Ohan,おはん,おはん,Ohan,Ohan,1957,Bunraku August 1988 Performance Program
160,Asama no tonosama,Asama no tonosama,浅間の殿様,あさまのとのさま,The Feudal Lord in Asama,"Feudal Lord in Asama, The",1958,Bunraku January 1989 Performance Program
161,Ōeyama no onitaiji,Oeyama no onitaiji,大江山の鬼退治,おおえやまのおにたいじ,Subjugation of Ogres on Mt. Oe,Subjugation of Ogres on Mt. Oe,[n.d.],Bunraku August 1989 Performance Program
162,Akai jinbaori,Akai jinbaori,赤い陣羽織,あかいじんばおり,The Red Battle Surcoat,"Red Battle Surcoat, The",1947,Bunraku August 1989 Performance Program
164,Wada kassen onna maizuru,Wada kassen onna maizuru,和田合戦女舞鶴,わだがっせんおんなまいづる,The Herculean Woman,"Herculean Woman, The",1736,"Hironaga, Shūzaburō, The Bunraku Handbook (Tokyo: Maison des Arts, 1976); Bunraku September 1989 Performance Program"
165,Manzai,Manzai,万才,まんざい,The Street Entertainers,"Street Entertainers, The",1809,"Kokuritsu Gekijō jōen shiryōshū, edited by Kokuritsu Gekijō Geinō Chōsashitsu, vol. 154, August 1978; Bunraku January 1994 Performance Program"
166,Sagimusume,Sagimusume,鷺娘,さぎむすめ,The Heron Girl,"Heron Girl, The",1809,"Kokuritsu Gekijō jōen shiryōshū, edited by Kokuritsu Gekijō Geinō Chōsashitsu, vol. 154, August 1978; Bunraku January 1994 Performance Program"
167,Kōjō (Tsuruzawa Jūzō intai hirō),Kojo (Tsuruzawa Juzo intai hiro),口上(鶴澤重造引退披露),こうじょうつるざわじゅうぞういんたいひろう,Annoucement of Jūzō Tsuruzawa's retirement,Annoucement of Jūzō Tsuruzawa's retirement,,Bunraku May 1980 Performance Program
168,Kōjō (Yoshida Kotama aratame Godai Yoshida Bungo shūmei hirō),Kojo (Yoshida Kotama aratame Godai Yoshida Bungo shumei hiro),口上(吉田小玉改め五代吉田文吾襲名披露),こうじょうよしだこだまあらためごだいよしだぶんごしゅうめいひろう,"Announcement on the assumption of his new name, Bungo Yoshida V, by Kotama Yoshida","Announcement on the assumption of his new name, Bungo Yoshida V, by Kotama Yoshida",,Bunraku February 1982 Performance Program
169,"Kōjō (Sansei Takemoto Aioidayū intai, Yonsei Takemoto Aioidayū shūmei hirō)","Kojo (Sansei Takemoto Aioidayu intai, Yonsei Takemoto Aioidayu shumei hiro)",口上(三世竹本相生大夫引退・四世竹本相生大夫襲名披露),こうじょうさんせいたけもとあいおいだゆういんたいよんせいたけもとあいおいだゆうしゅうめいひろう,"Announcement of Takemoto Aioidayū III's retirement and the assumption of his new name, Takemoto Aioidayū IV', by Aikodayū Takemoto","Announcement of Takemoto Aioidayū III's retirement and the assumption of his new name, Takemoto Aioidayū IV', by Aikodayū Takemoto",,Bunraku November 1971 Performance Program
170,Kōjō (Mojitayū aratame Nanasei Takemoto Sumitaū shūmei hirō),Kojo (Mojitayu aratame Nanasei Takemoto Sumitayu shumei hiro),口上(文字大夫改め七世竹本住大夫襲名披露),こうじょうもじたゆうあらためななせいたけもとすみたゆうしゅうめいひろう,"Announcement of the assumption of his new stage name, Sumitayū Takemoto VII, by Mojitayuū Takemoto","Announcement of the assumption of his new stage name, Sumitayu Takemoto VII, by Mojitayu Takemoto",,Bunraku April 1985 Performance Program
171,Kōjō (Nozawa Katsuhei aratame Sandai Nozawa Kizaemon shūmei hirō),Kojo (Nozawa Katsuhei aratame Sandai Nozawa Kizaemon shumei hiro),口上(野澤勝平改め三代野澤喜左衛門襲名披露),こうじょうのざわかつへいあらためさんだいのざわきざえもんしゅうめいひろう,"Announcement of the assumption of his new name, Kizaemon Nozawa III, by Katsuhei Nozawa","Announcement of the assumption of his new name, Kizaemon Nozawa III, by Katsuhei Nozawa",,Bunraku May 1987 Performance Program
172,Kōjō (Kiritake Monya aratame Sansei Yoshida Tamamatsu shūmei hirō),Kojo (Kiritake Monya aratame Sansei Yoshida Tamamatsu shumei hiro),口上(桐竹紋弥改め三世吉田玉松襲名披露),こうじょうきりたけもんやあらためさんせいよしだたままつしゅうめいひろう,Announcement on the change of puppeteer Monya Kiritake's name to Tamamatsu Yoshida III,Announcement on the change of puppeteer Monya Kiritake's name to Tamamatsu Yoshida III,,Bunraku February 1973 Performance Program
173,Ishi no hana,Ishi no hana,石の花,いしのはな,Stone Flower,Stone Flower,1990,Bunraku August 1990 Performance Program
174,Nagamachi onna no harakiri,Nagamachi onna no harakiri,長町女腹切,ながまちおんなのはらきり,The Woman's Harakiri at Nagamachi,"Woman's Harakiri at Nagamachi, The",1712,"Hironaga, Shūzaburō, The Bunraku Handbook (Tokyo: Maison des Arts, 1976); Bunraku February 1994 Performance Program"
175,Sasayaki no take,Sasayaki no take,ささやきの竹,ささやきのたけ,Sasayaki no take,Sasayaki no Take (Whispering Bamboo),[n.d.],English title not available in any publications. Staged at July 1996 performance. Listed in Bunka dejitaru raiburarii; No English title available
176,Utsubozaru,Utsubozaru,うつぼ猿,うつぼざる,The Monkey Dance,"Monkey Dance, The",1705 or 1706,"Bunraku February 1986, November 1989 Performance Programs"
177,Nichiren Shōnin minori no umi,Nichiren Shonin minori no umi,日蓮聖人御法海,にちれんしょうにんみのりのうみ,The Benevolence of Saint Nichiren,"Benevolence of Saint Nichiren, The",1751,"Hironaga, Shūzaburō, The Bunraku Handbook (Tokyo: Maison des Arts, 1976); Bunraku July 2001 Performance Program"
178,Kōjō (Rokusei Tsuruzawa Kanji tsuizen kōjō),Kojo (Rokusei Tsuruzawa Kanji tsuizen kojo),口上(六世鶴澤寛治追善),こうじょうろくせいつるざわかんじついぜん,Announcement of the current performance being dedicated to the memory of Kanji Tsuruzawa VI,Announcement of the current performance being dedicated to the memory of Kanji Tsuruzawa VI,,Bunraku May 1979 Performance Program
179,Kōjō (Datejidayū aratame Gosei Takemoto Datedayū shūmei hirō),Kojo (Datejidayu aratame Gosei Takemoto Datedayu shumei hiro),口上(伊達路大夫改め五世竹本伊達大夫襲名披露),こうじょうだてじだゆうあらためごせいたけもとだてだゆうしゅうめいひろう,"Announcement of the assumption of his new stage name, Datedayū Takemoto V, by Datejidayū Takemoto","Announcement of the assumption of his new stage name, Datedayū Takemoto V, by Datejidayu Takemoto",,Bunraku April 1988 Performance Program
180,Kōjō (Yondai Takemoto Koshijidayū intai hirō),Kojo (Yondai Takemoto Koshijidayu intai hiro),口上(四代竹本越路大夫引退披露),こうじょうよんだいたけもとこしじだゆういんたいひろう,Announcement of Koshijidayū Takemoto IV's retirement,Announcement of Koshijidayu Takemoto IV's retirement,,Bunraku April 1989 Performance Program
181,Kōjō (Takemoto Oritayū aratame Kyūdai Takemoto Tsunatayū shūmei hirō),Kojo (Takemoto Oritayu aratame Kyudai Takemoto Tsunatayu shumei hiro),口上(竹本織大夫改め九代竹本綱大夫襲名披露),こうじょうたけもとおりたゆうあらためきゅうだいたけもとつなたゆうしゅうめいひろう,"Announcement of the assumption of his new name, Tsunatayū Takemoto IX, by Oritayū Takemoto","Announcement of the assumption of his new name, Tsunatayu Takemoto IX, by Oritayu Takemoto",,Bunraku January 1996 Performance Program
182,Kōjō (Nozawa Kinya aratame Gosei Nozawa Kinshi shūmei hirō),Kojo (Nozawa Kinya aratame Gosei Nozawa Kinshi shumei hiro),口上(野沢錦弥改め五世野沢錦糸襲名披露),こうじょうのざわきんやあらためごせいのざわきんししゅうめいひろう,"Announcement of the assumption of his new name, Kinshi Nozawa V, by Kinya Nozawa","Announcement of the assumption of his new name, Kinshi Nozawa V, by Kinya Nozawa",,Bunraku May 1998 Performance Program
183,Kōjō (Nisei Kiritake Kanjūrō jūsankaiki tsuizen),Kojo (Nisei Kiritake Kanjuro jusankaiki tsuizen),口上(二世桐竹勘十郎十三回忌追善）,こうじょうにせいきりたけかんじゅうろうじゅうさんかいきついぜん,Announcement of the current performance being dedicated to the memory of Kanjūrō Kiritake II,Announcement of the current performance being dedicated to the memory of Kanjuro Kiritake II,,Bunraku September 1998 Performance Program
184,Shitakiri suzume,Shitakiri suzume,舌切雀,したきりすずめ,The Tongue-Cut Sparrow,"Tongue-Cut Sparrow, The",[n.d.],Bunraku July/August 2002 Performance Program
185,Bunraku no ohanashi,Bunraku no ohanashi,文楽のおはなし,ぶんらくのおはなし,Bunraku no ohanashi (Introduction to Bunraku),Bunraku no ohanashi (Introduction to Bunraku),[n.d.],English title not available in any publications. Staged at July 2002 Bunraku performance; No English title available
186,Onna no heiwa,Onna no heiwa,女の平和,おんなのへいわ,Onna no heiwa (Lysistrata),Onna no heiwa (Lysistrata),[n.d.],English title not available in any publications. Staged at February 1973 Bunkyō Public Hall performance; No English title available
187,Kōjō (Yoshida Minotarō aratame Sansei Kiritake Kanjūrō shūmei hirō),Kojo (Yoshida Minotaro aratame Sansei Kiritake Kanjuro shumei hiro),口上(吉田簑太郎改め三世桐竹勘十郎襲名披露),こうじょうよしだみのたろうあらためさんせいきりたけかんじゅうろうしゅうめいひろう,"Announcement of the assumption of his new name, Kanjūrō Kiritake III, by Minotarō Yoshida","Announcement of the assumption of his new name, Kanjuro Kiritake III, by Minotaro Yoshida",,Bunraku May 2003 Performance Program [from Bunka dejitaru raiburarii]
188,Kōjō (Tokutarō aratame Nisei Tsuruzawa Dōhachi shūmei hirō),Kojo (Tokutaro aratame Nisei Tsuruzawa Dohachi shumei hiro),口上(徳太郎改め二世鶴澤道八襲名披露口上),こうじょうとくたろうあらためにせいつるざわどうはちしゅうめいひろう,Announcement on the assumption of his new stage name of Tsuruzawa Dōhachi II by Tokutarō Tsuruzawa,Announcement on the assumption of his new stage name of Tsuruzawa Dōhachi II by Tokutarō Tsuruzawa,,"Bunraku April 1970, May 1970 Performance Programs"
