scene_id,scene_code,scene_order,label_ja,label_ja_sort,label_eng,label_ka,play_id,authority_control
1,Akai-01,001,(1),[1] [Akai],Scene One,（一）,162,August 1989 Program
2,Akai-02,002,(2),[2] [Akai],Scene Two,（二）,162,August 1989 Program
3,Akai-03,003,(3),[3]  [Akai],Scene Three,（三） ,162,August 1989 Program
4,Akegarasu-01,004,Yamanaya,Yamanaya [Akegarasu],The Yamanaya Tea House,山名屋,14,"January 1996 Program; Shūzabuō Hironaga, The Bunraku Handbook (Tokyo: Maison des Arts, 1976)"
5,Asama-01,005,(1),[1] [Asama],Scene One,（一）,160,January 1989 Program
6,Asama-02,006,(2),[2]  [Asama],Scene Two,（二）,160,January 1989 Program
7,Asama-03,007,(3),[3] [Asama],Scene Three,（三） ,160,January 1989 Program
8,Ashiya-01,009,Ōuchi ,Ouchi  [Ashiya],The Imperial Palace,大内,15,August 1984 Program
9,Ashiya-02,010,Kamo yakata,Kamo yakata [Ashiya],The Kamo Residence,加茂館,15,August 1984 Program
10,Ashiya-03,011,Yasuna monogurui,Yasuna monogurui [Ashiya],The Insane Yasuna,保名物狂,15,August 1984 Program
11,Ashiya-04,012,Kuzunoha kowakare,Kuzunoha kowakare [Ashiya],Kuzunoha's Parting with Her Son,葛の葉子別れ,15,August 1984 Program
12,Ashiya-05,013,Rangiku no midare,Rangiku no midare [Ashiya],The Fox-Kuzunoha's Travel,蘭菊の乱れ,15,August 1984 Program
13,Ashiya-06,014,Shinoda no mori ninin yakko,Shinoda no mori ninin yakko [Ashiya],The Two Look-Alike Servants,信田森二人奴,15,August 1984 Program
14,Bakekurabe-01,015,Hakonenosaki bakesumai,Hakonenosaki bakesumai [Bakekurabe],The Haunted House at Hakone,箱根先化住居,126,August 1984 Program
15,Botan-01,016,Kyōsei sumika 1,Kyosei sumika 1 [Botan],The House of Kyosei 1,喬生住家一,112,No English translation available
16,Botan-02,017,Kyōsei sumika 2,Kyosei sumika 2 [Botan],The House of Kyosei 2,喬生住家二,112,No English translation available
17,Botan-03,018,Kyōsei sumika 3: koshinji,Kyosei sumika 3: koshinji [Botan],The House of Kyosei 3,喬生住家三より古心寺朱の丸柱の間,112,No English translation available
18,Chikagoro-01,019,Shijō kawara,Shijo kawara [Chikagoro],The Dry Riverbed of Shijo,四条河原,6,July 1989 Program
19,Chikagoro-02,020,Horikawa sarumawashi,Horikawa sarumawashi [Chikagoro],The Monkey Dance,堀川猿廻し,6,July 1989 Program
20,Chikagoro-03,021,Michiyuki namida no amigasa,Michiyuki namida no amigasa [Chikagoro],The Tearful Journey,道行涙の編笠,6,July 1989 Program
21,Chinsetsu-01,022,Izunokuni Ōshima,Izunokuni Oshima [Chinsetsu],Oshima Island in Izu Province,伊豆国大嶋,99,November 1971 Program
22,Chinsetsu-02,023,Sanukinokuni Shiramine,Sanukinokuni Shiramine [Chinsetsu],Shiramine in Sanuki Province,讃岐国白峯,99,November 1971 Program
23,Chinsetsu-03,024,Higonokuni Kiharasan sansai,Higonokuni Kiharasan sansai [Chinsetsu],Mt. Kihara in Higo Province,肥後国木原山山塞,99,November 1971 Program
24,Chinsetsu-04,025,Satsunan kaisho,Satsunan kaisho [Chinsetsu],The Sea off Satsuma,薩南海上,99,November 1971 Program
25,Chinsetsu-05,026,Ryūkyūkoku Kitadani saijō,Ryukyukoku Kitadani saijo [Chinsetsu],Kitadani Ceremonial Site in Ryukyu,琉球国北谷斎場,99,November 1971 Program
26,Chinsetsu-06,027,Kitadani myōtoyado,Kitadani myotoyado [Chinsetsu],The Inn at Kitadani,北谷夫婦宿,99,November 1971 Program
27,Chinsetsu-07,028,Unten kaihin yomiya,Unten kaihin yomiya [Chinsetsu],The Unten Beach,運天海浜宵宮,99,November 1971 Program
28,Cho-01,029,Chō no michiyuki,Cho no michiyuki [Cho],The Travelling Butterflies,蝶の道行,115,April 1974 Program
29,Daikyoji-01,030,Daikyōji uchi,Daikyoji uchi [Daikyoji],The Almanac Maker's,大経師内,76,February 1983 Program
30,Daikyoji-02,031,Okazakimura Bairyū uchi,Okazakimura Bairyu uchi [Daikyoji],Bairyu's House at Okazaki,岡崎村梅龍内,76,February 1983 Program
31,Daikyoji-03,032,Okutamba kakurega,Okutamba kakurega [Daikyoji],The Hideout in Tamba Province,奥丹波隠れ家,76,February 1983 Program
32,Danbatake-01,033,Danbatake,Danbatake [Danbatake],The Vegetable Farm,段ばたけ,145,July 1985 Program
33,Dangouri-01,034,Dangouri,Dangouri [Dangouri],The Dumpling Peddlers,団子売,138,September 1980 Program
34,Dannoura-01,035,Akoya kotozeme,Akoya kotozeme [Dannoura],The Torture by Koto,阿古屋琴責,83,April 1985 Program
35,Datemusume-01,036,Yaoya uchi,Yaoya uchi [Datemusume],The Greengrocer's,八百屋内,109,January 1986 Program
36,Datemusume-02,037,Hinomiyagura,Hinomiyagura [Datemusume],The Fire Lookout Tower,火の見櫓,109,January 1986 Program
37,Dojoji-01,038,Hidakagawa watashiba,Hidakagawa watashiba [Dojoji],The Hidaka River Ferry,日高川渡し場,147,November 1985 Program
38,Ehon-01,039,Azuchi jōchu,Azuchi jochu [Ehon],Azuchi Castle,安土城中,16,April 1993 Program
39,Ehon-02,040,Nijōjō haizen,Nijojo haizen [Ehon],The Feast at Nijo Castle,二条城配膳,16,April 1993 Program
40,Ehon-04,042,Honnōji,Honnoji [Ehon],The Honnoji Temple,本能寺,16,April 1993 Program
41,Ehon-05,043,Tsubone chūshin,Tsubone chushin [Ehon],Lady Ano's Reports to Hisayoshi,局注進,16,April 1993 Program; April 1974 National Theatre Program
42,Ehon-06,044,Chōzaemon seppuku,Chozaemon seppuku [Ehon],Chozaemon's Suicide,長左衛門切腹,16,April 1993 Program
43,Ehon-07,045,Myōshinji,Myoshinji [Ehon],The Myoshinji Temple,妙心寺,16,April 1993 Program
44,Ehon-08,046,Suginomori,Suginomori [Ehon],The Fort of Suginomori,杉の森,16,April 1993 Program; April 1974 Asahiza Program
45,Ehon-09,047,Uri kenjō,Uri kenjo [Ehon],The Melons Offered to Hisayoshi,瓜献上,16,April 1993 Program
46,Ehon-10,048,Yūgaodana,Yugaodana [Ehon],The Gourd Trellis,夕顔棚,16,April 1993 Program
47,Ehon-11,049,Amagasaki,Amagasaki [Ehon],The Amagasaki Village,尼が崎,16,April 1993 Program
48,Futago-01,051,Sōta sumika,Sota sumika [Futago],Sota's House,惣太住家,17,February 1988 Program
49,Futago-02,052,Kyōjo michiyuki,Kyojo michiyuki [Futago],The Mad Woman,狂女道行,17,February 1988 Program
50,Futago-03,053,Sumidagawa,Sumidagawa [Futago],The Sumida River,隅田川,17,February 1988 Program
51,Futatsu-01,054,Horie sumōba,Horie sumoba [Futatsu],The Sumo Arena at Horie,堀江相撲場,18,September 1989 Program
52,Futatsu-02,055,Daihojimachi komeya,Daihojimachi komeya [Futatsu],The Rice Shop at Daihojimachi,大宝寺町米屋,18,September 1989 Program
53,Futatsu-03,056,Nambaura kenka,Nambaura kenka [Futatsu],The Fighting at Nambaura,難波裏喧嘩,18,September 1989 Program
54,Futatsu-04,057,Hashimoto,Hashimoto [Futatsu],The Town of Hashimoto,橋本,18,September 1989 Program
55,Futatsu-05,058,Yawata-no sato hikimado,Yawata-no sato hikimado [Futatsu],The Skylight,八幡里引窓,18,September 1989 Program
56,Genpei-01,059,Ōuchi,Ouchi [Genpei],The Imperial Palace,大内,93,November 1970 Program
57,Genpei-02,060,Nunobiki-no taki,Nunobiki-no taki [Genpei],The Nunobiki Waterfall,布引滝,93,November 1970 Program
58,Genpei-03,061,Yoshikata yakata,Yoshikata yakata [Genpei],Yosikata's Mansion,義賢館,93,November 1970 Program
59,Genpei-04,062,Yabase,Yabase [Genpei],Yabase Bay,矢橋,93,November 1970 Program
60,Genpei-05,063,Chikubushima yūran,Chikubushima yuran [Genpei],The Return from Chikubu Island,竹生島遊覧,93,November 1970 Program; October 1974 Program
61,Genpei-06,064,Kurosuke uchi,Kurosuke uchi [Genpei],Kurosuke's House,九郎助内,93,November 1970 Program; October 1974 Program
62,Genpei-07,065,Seno'o Jurō sengi,Seno'o Juro sengi [Genpei],Inquisition by Seno-o,瀬尾十郎詮議,93,October 1974 Program
63,Genpei-08,066,Sanemori monogatari,Sanemori monogatari [Genpei],Sanemori's Explanation,実盛物語,93,October 1974 Program
64,Genpei-09,067,Watakuriuma,Watakuriuma [Genpei],The Spinning Frame,綿繰馬,93,October 1974 Program
65,Genpei-10,068,Otowayama,Otowayama [Genpei],The Otowa Hill,音羽山,93,October 1974 Program
66,Genpei-11,069,Matsunami biwa,Matsunami biwa [Genpei],The Biwa Music,松波琵琶,93,October 1974 Program
67,Genpei-12,070,Momijiyama,Momijiyama [Genpei],The Maple Hill,紅葉山,93,October 1974 Program
68,Gion-03,071,Tobita (See also Kishi no Sato),Tobita [Gion],The Sake Peddler (See also The Village of Kishinosato),鳶田 (See also 岸の里),19,May 1982 Program
69,Gion-05,072,Zesai sumika (See also Tengachaya),Zesai sumika [Gion],Zesai's House (See also The Village of Tengachaya),是斎住家 (See also 天下茶屋),19,May 1982 Program
70,Gion-06,073,Kinkakuji,Kinkakuji [Gion],The Golden Pavilion,金閣寺,19,May 1971 Program
71,Gion-07,074,Tsumasaki nezumi,Tsumasaki nezumi [Gion],The Painted Rat,爪先鼠,19,May 1982 Program
72,Gishi-01,078,Yasaku kamabara,Yasaku kamabara [Gishi],The Suicide with a Scythe,弥作鎌腹,20,April 1996 Program
73,Goban-01,079,Yamashina kankyo,Yamashina kankyo [Goban],Yuranosuke's House in Yamashina,山科閑居,85,February 1980 Program
74,Gojunenki-01,080,Kasa monogurui,Kasa monogurui [Gojunenki],The Mad Woman,笠物狂,107,May 1973 Program
75,Gokusaishiki-01,081,Utsubo eitaihama,Utsubo eitaihama [Gokusaishiki],Eitai Riverside at Utsubo,靱永代浜,21,September 1972 Program
76,Gokusaishiki-02,082,Hyōsuke uchi,Hyosuke uchi [Gokusaishiki],Hyosuke's House,兵助内 (天王寺村兵助内),21,September 1972 Program
77,Gokusaishiki-03,083,Masui,Masui [Gokusaishiki],The Masui Well,増井,21,September 1972 Program
78,Goshozakura-01,084,Jijū Tarō yakata,Jiju Taro yakata [Goshozakura],The House of Jiju Taro,侍従太郎館,66,April 1985 Program
79,Goshozakura-02,085,Benkei jōshi,Benkei joshi [Goshozakura],The Visit of Benkei,弁慶上使,66,April 1985 Program
80,Gotaiheiki-01,086,Myōjin mori,Myojin mori [Gotaiheiki],The Forest of the Myojin Shrine,明神森,22,May 1971 Program
81,Gotaiheiki-02,087,Taue,Taue [Gotaiheiki],Rice Planting,田植,22,May 1971 Program
82,Gotaiheiki-03,088,Sakaimura,Sakaimura [Gotaiheiki],The Village of Sakai,逆井村,22,May 1971 Program
83,Gotaiheiki-04,089,Kaminarimon,Kaminarimon [Gotaiheiki],The Kaminari Gate,雷門,22,May 1971 Program
84,Gotaiheiki-05,090,Ageya,Ageya [Gotaiheiki],The Tea House,揚屋,22,May 1971 Program
85,Gotenjiku-01,091,Watashiba,Watashiba [Gotenjiku],The Ferry,渡し場,139,September 1985 Program
86,Gotenjiku-02,092,Hakuren kowakare,Hakuren kowakare [Gotenjiku],Hakuren Parts with Her Baby,白蓮子別れ,139,September 1985 Program
87,Gotenjiku-03,093,Jigoku,Jigoku [Gotenjiku],The Hell,地獄,139,September 1985 Program
88,Gotenjiku-04,094,Kinzanji,Kinzanji [Gotenjiku],The Kinzanji Temple,径山寺,139,September 1985 Program
89,Gotenjiku-05,095,Kamairi,Kamairi [Gotenjiku],The Caldron,釜煮,139,September 1985 Program
90,Gotenjiku-06,096,Hitotsuya,Hitotsuya [Gotenjiku],The Isolated House,一つ家,139,September 1985 Program
91,Gotenjiku-07,097,Ryūsagawa,Ryusagawa [Gotenjiku],The River Ryusa,流沙川,139,September 1985 Program
92,Gotenjiku-08,098,Gion shōja,Gion shoja [Gotenjiku],The Buddha's Temple,祇園精舎,139,September 1985 Program
93,Hachijin-01,099,Monzen,Monzen [Hachijin],In Front of the Gate,門前,135,September 1979 Program
94,Hachijin-02,100,Dokushu,Dokushu [Hachijin],The Poisoned Sake,毒酒,135,September 1979 Program
95,Hachijin-03,101,Naniwa irie,Naniwa irie [Hachijin],The Port of Naniwa,浪花入江,135,September 1979 Program
96,Hachijin-04,102,Kazuenosuke hayauchi,Kazuenosuke hayauchi [Hachijin],Kazuenosuke's Urgent Call,主計之介早討,135,September 1979 Program
97,Hachijin-05,103,Masakiyo honjō,Masakiyo honjo [Hachijin],Masakiyo's Castle,正清本城,135,September 1979 Program
98,Hadekurabe-01,104,Tamamizu no fuchi,Tamamizu no fuchi [Hadekurabe],Tamamizu Pond,玉水淵,114,July 1987 Program
99,Hadekurabe-02,105,Kasugamura,Kasugamura [Hadekurabe],Kasuga Village,春日村,114,September 1987 Program
100,Hadesugata-01,106,Nagamachi minoya,Nagamachi minoya [Hadesugata],Sankatsu's House,長町美濃屋,82,July 1974 Program
101,Hadesugata-02,107,Sakaya,Sakaya [Hadesugata],The Sake Shop,酒屋,82,July 1974 Program
102,Hadesugata-03,108,Michiyuki shimoyo no sennichi,Michiyuki shimoyo no sennichi [Hadesugata],The Double Suicide,道行霜夜の千日,82,July 1974 Program
103,Hana-01,113,Shidōji,Shidoji [Hana],The Shido Temple,志渡寺,23,February 1974 Program
104,Hanakurabe-01,109,Manzai,Manzai [Hanakurabe],Street Entertainers,万歳,64,January 1994 Program
105,Hanakurabe-02,110,Ama,Ama [Hanakurabe],The Fisherwoman,海女,64,January 1994 Program
106,Hanakurabe-03,111,Sekidera Komachi,Sekidera Komachi [Hanakurabe],Komachi in Her Old Age,関寺小町,64,January 1994 Program
107,Hanakurabe-04,112,Sagimusume ,Sagimusume  [Hanakurabe],Heron Girl,鷺娘,64,January 1994 Program
108,Hatsuse-01,114,Hatsuse mōde,Hatsuse mode [Hatsuse],Hatsuse mode,初瀬詣,133,May 1978 Shinobukai Program; no English translation available
109,Heike-01,115,Rokuhara,Rokuhara [Heike],The Heike Clan Headquarters,六波羅,24,February 1986 Program
110,Heike-02,116,Kikaigashima,Kikaigashima [Heike],Kikai Island,鬼界ヶ島,24,"Hironaga, Shūzabuō, The Bunraku Handbook (Tokyo: Maison des Arts, 1976; Bunraku February 1986 Performance Program; The Art of Kabuki: Famous Plays in Performance, translated, with commentary, by Samuel L. Leiter (Berkeley: University of California Press, "
111,Heike-03,117,Funaji no michiyuki yori shikina no ura,Funaji no michiyuki yori shikina no ura [Heike],The Shikina Bay,舟路の道行より敷名の浦,24,February 1986 Program
112,Hibariyama H-01,118,Chūjōhime yukizeme,Chujohime yukizeme [Hibariyama H],The Torture of Chujohime in the Snow,中将姫雪責,65,January 1992 Program
114,Hibariyama K-01,120,Chūjōhime yukizeme,Chujohime yukizeme [Hibariyama K],The Torture in the Snow,中将姫雪責,89,February 1968 Program
115,Hibariyama K-02,121,Hibariyama,Hibariyama [Hibariyama K],Mount Hibari,ひばり山古跡松,89,February 1968 Program
116,Hidakagawa-01,122,Manago Shōji yakata,Manago Shoji yakata [Hidakagawa],Manago Village Headman's House,真那古庄司館,25,May 1980 Program
117,Hidakagawa-02,123,Watashiba,Watashiba [Hidakagawa],The Ferry,渡し場,25,May 1980 Program
118,Hikosan-01,124,Sumiyoshi hamabe,Sumiyoshi hamabe [Hikosan],Sumiyoshi Beach,住吉浜辺,78,September 1975 Program
119,Hikosan-02,125,Hikosan Gongen shazen,Hikosan Gongen shazen [Hikosan],In Front of the Hikosan Gongen Shrine,彦山権現社前,78,September 1975 Program
120,Hikosan-03,126,Kōri Otonari yakata,Kori Otonari yakata [Hikosan],Otonari's Mansion,郡音成館,78,September 1975 Program
121,Hikosan-04,127,Yamaguchi Hachiman,Yamaguchi Hachiman [Hikosan],The Yamaguchi Hachiman Shrine,山口八幡,78,September 1975 Program
122,Hikosan-05,128,Ichimisai yashiki,Ichimisai yashiki [Hikosan],Ichimisai's Mansion,一味斎屋敷,78,September 1975 Program
123,Hikosan-06,129,Suma no ura,Suma no ura  [Hikosan],Suma Beach,須磨の浦,78,September 1975 Program
124,Hikosan-07,130,Hyōtan dana,Hyotan dana [Hikosan],The Gourd Trellis,瓢箪棚,78,September 1975 Program
125,Hikosan-08,131,Sugisaka bosho,Sugisaka bosho [Hikosan],The Sugisaka Cemetery,杉坂墓所,78,September 1975 Program
126,Hikosan-09,132,Keyamura Rokusuke sumika,Keyamura Rokusuke sumika [Hikosan],Rokusuke's House,毛谷村六助住家,78,September 1975 Program
127,Hikosan-10,133,Tatsunami yakata katakiuchi,Tatsunami yakata katakiuchi [Hikosan],The Revenge at the Tatsunami Mansion,立浪館仇討,78,September 1975 Program
128,Hirakana-01,134,Itodo no Myōjin,Itodo no Myojin [Hirakana],The Itodo Myojin Shrine,射手明神,26,November 1988 Program
129,Hirakana-02,135,Yoshinaka yakata,Yoshinaka yakata [Hirakana],Yoshinaka's Mansion,義仲館,26,November 1988 Program
130,Hirakana-03,136,Katsurano sato,Katsurano sato [Hirakana],The Toothbrush Maker's House,楊枝屋,26,November 1988 Program
131,Hirakana-05,138,Ōtsu yadoya,Otsu yadoya [Hirakana],The Inn at Otsu,大津宿屋,26,November 1988 Program
132,Hirakana-06,139,Sasabiki,Sasabiki [Hirakana],The Improvised Bamboo Hearse,笹引,26,November 1988 Program
133,Hirakana-07,140,Matsuemon uchi,Matsuemon uchi [Hirakana],The Matsuemon's House,松右衛門内,26,November 1988 Program
134,Hirakana-09,142,Kajiwara yakata,Kajiwara yakata [Hirakana],Kajiwara's Mansion,梶原館,26,November 1988 Program
135,Hirakana-10,143,Senjin mondō,Senjin mondo [Hirakana],The Argument on the Uji River Crossing,先陣問答,26,November 1988 Program
136,Hirakana-11,144,Genta kandō,Genta kando [Hirakana],Disinheritance of Genda,源太勘当,26,November 1988 Program; Bunka dejitaru raiburarii
137,Hirakana-12,145,Tsuji Hōin,Tsuji Hoin [Hirakana],The Fortune Teller,辻法印,26,November 1988 Program
138,Hirakana-13,146,Kanzaki ageya,Kanzaki ageya [Hirakana],The Tea House at Kanzaki,神崎揚屋,26,November 1988 Program
139,Hirakana-14,147,Okuzashiki,Okuzashiki [Hirakana],The Innermost Room,奥座敷,26,November 1988 Program
140,Hiyoshimaru-01,148,Komakiyama jōchū,Komakiyama jochu [Hiyoshimaru],The Komakiyama Castle,駒木山城中,120,
141,Honcho-07,155,Takeda Shingen yakata,Takeda Shingen yakata [Honcho],Shingen's Mansion,武田信玄館,27,December 1983 Program
142,Honcho-08,156,Murakami Yoshikiyo jōshi,Murakami Yoshikiyo joshi [Honcho],Messenger Yoshikiyo's Visit,村上義清上使,27,December 1983 Program
143,Honcho-09,157,Katsuyori seppuku,Katsuyori seppuku [Honcho],Katsuyori Kills Himself,勝頼切腹,27,December 1983 Program
144,Honcho-11,159,Michiyuki niai no myōtogan,Michiyuki niai no myotogan [Honcho],The Drug Peddlers' Journey,道行似合の女夫丸,27,December 1983 Program
145,Honcho-13,161,Kagekatsu jōshi (See also Kenshin yakata),Kagekatsu josh [Honcho],Messenger Kagekatsu's Visit (See also Kenshin's Mansion),景勝上使 (See also 謙信館）,27,December 1983 Program
146,Honcho-15,162,Teppō watashi (See also Kenshin yakata),Teppo watashi  [Honcho],The Delivery of the Rifle (See also Kenshin's Mansion),鉄砲渡し (See also 謙信館),27,December 1983 Program
147,Honcho-14,163,Jusshukō,Jusshuko [Honcho],The Incense,十種香,27,December 1983 Program
148,Honcho-16,164,Okuniwa kitsunebi,Okuniwa kitsunebi [Honcho],The Fox Fire,奥庭狐火,27,December 1983 Program
149,Honcho-18,166,Dōsan saigo,Dosan saigo [Honcho],The Death of Dosan,道三最期,27,December 1983 Program
150,Horikawa-01,167,Naruyama Chūdayū uchi,Naruyama Chudayu uchi [Horikawa],Chudayu Naruyama's House,成山忠太夫内,28,February 1983 Program
151,Horikawa-02,168,Ogura Hikokurō uchi,Ogura Hikokuro uchi [Horikawa],Hikokuro Ogura's House,小倉彦九郎内,28,February 1983 Program
152,Horikawa-03,169,Kyō horikawa megatakiuchi,Kyo horikawa megatakiuchi [Horikawa],The Revenge at Horikawa,京堀川妻敵討,28,February 1983 Program
153,Ichinotani-03,172,Jimmon,Jimmon [Ichinotani],The Camp Gate,陣門,72,February 1975 Program
154,Ichinotani-04,173,Sumanoura,Sumanoura [Ichinotani],The Suma Beach,須磨浦,72,February 1975 Program
155,Ichinotani-05,174,Kumiuchi,Kumiuchi [Ichinotani],The Duel,組打,72,February 1975 Program
156,Ichinotani-08,177,Wakigahara hōbiki,Wakigahara hobiki [Ichinotani],Drawing Lots at Wakigahara,脇ヶ浜宝引,72,February 1975 Program
157,Ichinotani-09,178,Kumagai zakura,Kumagai zakura [Ichinotani],Kumagai's Cheery Tree,熊谷桜,72,February 1975 Program
158,Ichinotani-10,179,Kumagai jinya (See also Kumagai monogatari and Kubi jikken),Kumagai jinya (See also Kumagai monogatari and Kubi jikken) [Ichinotani],Kumagai's Camp (See also Kumagai's Explanation and The Head Identification),熊谷陣屋 (See also 熊谷物語 and 首実検),72,February 1975 Program
159,Igagoe-02,184,Wada Yukie yashiki,Wada Yukie yashiki [Igagoe],The House of Yukie Wada,和田行家屋敷,29,April 1992 Program
160,Igagoe-04,186,Koriyama miyai,Koriyama miyai [Igagoe],The Hachiman Shrine in Koriyama,郡山宮居,29,May 1986 Program
161,Igagoe-05,187,Karaki Masaemon yashiki,Karaki Masaemon yashiki [Igagoe],The House of Karaki Masaemon,唐木政右衛門屋敷,29,April 1992 Program
162,Igagoe-06,188,Kondake ōhiroma,Kondake ohiroma [Igagoe],The Grand Hall in Lord Konda's Mansion,誉田家大広間,29,April 1992 Program
163,Igagoe-07,189,Numazu,Numazu [Igagoe],The Town of Numazu,沼津,29,April 1992 Program
164,Igagoe-08,190,Fujikawa shinseki hikinuki dangouri,Fujikawa shinseki hikinuki dangouri [Igagoe],The New Barrier at Fujikawa with Insertion of the Scene of Dumpling Peddlers,富士川新関 引抜き 団子売,29,April 1992 Program
165,Igagoe-10,192,Takeyabu,Takeyabu [Igagoe],The Bamboo Groove,竹藪,29,April 1992 Program
166,Igagoe-11,193,Okazaki,Okazaki [Igagoe],The Town of Okazaki,岡崎,29,April 1992 Program
167,Igagoe-12,194,Fushimi Hokkokuya,Fushimi Hokkokuya [Igagoe],"The Hokkokuya Inn at Fushimi,",伏見北国屋,29,April 1992 Program
168,Igagoe-13,195,Iga Ueno adauchi,Iga Ueno adauchi [Igagoe],The Revenge at Iga-Ueno,伊賀上野仇討,29,May 1986 Program
169,Ikudama-01,197,Tenma Shimizuya,Tenma Shimizuya [Ikudama],The Simizuya Tea House at Temma,天満清水屋,8,February 1993 Program
170,Ikudama-02,198,Yamatobashi demise,Yamatobashi demise [Ikudama],The Branch Store at Yamatobashi,大和橋出見世,8,February 1993 Program
171,Ikudama-03,199,Kaheiji Osaga michiyuki,Kaheiji Osaga michiyuki [Ikudama],The Suicide Trip of Kaheiji and Osaga,嘉平次おさが道行,8,February 1993 Program
172,Imose-01,200,Komatsubara,Komatsubara [Imose],The Pine Grove,小松原,79,April 1986 Program
173,Imose-03,202,Sarusawaike,Sarusawaike [Imose],Sarusawa Pond,猿沢池,79,May 1977 Program
174,Imose-06,205,Shikagoroshi,Shikagoroshi [Imose],The Deer Killing,鹿殺し,79,May 1977 Program
175,Imose-07,206,Kakegoi,Kakegoi [Imose],The Bill-Collecting,掛乞,79,April 1986 Program
176,Imose-08,207,Manzai,Manzai [Imose],The Comical Ballad,万才,79,April 1986 Program
177,Imose-09,208,Shibaroku sumika,Shibaroku sumika [Imose],Shibaroku's House,芝六住家,79,May 1977 Program; April 1986 Program
178,Imose-04,203,Dazai yakata,Dazai yakata [Imose],Sadaka's (Dazai) Mansion,太宰館,79,May 1977 Program; April 1986 Program
179,Imose-05,204,Imoyama Seyama,Imoyama Seyama [Imose],Imoyama and Seyama Mansions,妹山背山,79,May 1977 Program
180,Imose-10,209,Idogae,Idogae [Imose],The Well-Cleaning,井戸替,79,April 1986 Program
181,Imose-11,210,Sugisakaya,Sugisakaya [Imose],The Sake Shop,杉酒屋,79,April 1986 Program
182,Imose-12,211,Michiyuki koi no odamaki,Michiyuki koi no odamaki [Imose],The Strands of Love,道行恋の小田巻,79,April 1986 Program
183,Imose-13,212,Fukashichi jōshi,Fukashichi joshi [Imose],Fukashichi's Visit,鱶七上使,79,April 1986 Program
184,Imose-14,213,Himemodori,Himemodori [Imose],Tachibana's Return,姫戻り,79,April 1986 Program
185,Imose-15,214,Kinden,Kinden [Imose],The Glittering Mansion,金殿,79,April 1986 Program
186,Ise-01,216,Furuichi aburaya,Furuichi aburaya [Ise],The Aburaya Tea House,古市油屋,104,May 1980 Program
187,Ise-02,217,Okuniwa jūningiri,Okuniwa juningiri [Ise],The Bloodthirsty Sword,奥庭十人斬り,104,May 1980 Program; May 1973 Program
188,Kagamiyama-01,222,Chikumagawa,Chikumagawa [Kagamiyama],Chikuma River,筑摩川,30,October 1968 Program; May 1982 Program
189,Kagamiyama-02,223,Matasuke sumika,Matasuke sumika [Kagamiyama],Matasuke's House,又助住家,30,October 1968 Program; May 1982 Program
190,Kagamiyama-03,224,Zōriuchi,Zoriuchi [Kagamiyama],The Beating with a Sandal,草履打,30,October 1968 Program; May 1982 Program
191,Kagamiyama-04,225,Rōka,Roka [Kagamiyama],The Corridor,廊下,30,October 1968 Program; May 1982 Program
192,Kagamiyama-05,226,Nagatsubone,Nagatsubone [Kagamiyama],Onoe's Room,長局,30,October 1968 Program; May 1982 Program
193,Kagamiyama-06,227,Okuniwa,Okuniwa [Kagamiyama],The Rear Garden,奥庭,30,May 1982 Program
194,Kamakura-01,228,Irezumi,Irezumi [Kamakura],The Tattooing,入墨,11,July 1991 Program; May 1983 Program
196,Kamakura-02,230,Tsubone shisha (See also Kinukawa Mura),Tsubone shisha [Kamakura],A Visit of Two Ladies-in-Waiting (See also Kinugawa Villege),局使者 (See also 絹川村),11,May 1983 Program
197,Kamakura-03,231,Kome arai (See also Kinukawa Mura),Kome arai [Kamakura],Rice Washing (See also Kinugawa Villege),米洗い (See also 絹川村),11,July 1991 Program; May 1983 Program
198,Kamakura-04,232,Miuranosuke haha wakare (Miura wakare) (See also Kinukawa mura),Miuranosuke haha wakare [Kamakura],Parting of Miuranosuke with His Mother (See also Kinugawa Villege),三浦之助母別れ（三浦別れ） (See also 絹川村),11,July 1991 Program; May 1983 Program
199,Kamakura-05,233,Takatsuna monogatari (See also Kinukawa mura),Takatsuna monogatari  [Kamakura],Takatsuna's Declaration (See also Kinugawa Villege),高綱物語 (See also 絹川村),11,July 1991 Program; May 1983 Program
200,Kamakura-07,234,Ishiyama honjin,Ishiyama honjin [Kamakura],Tokimasa's Headquarters at Ishiyama,石山本陣,11,July 1991 Program
201,Kamakura-08,235,Takadono,Takadono [Kamakura],Takadono,高楼,11,May 1983 Program; no English translation available
202,Kamakura-06,236,"Kinukawa mura (See also Tsubone shisha, Kome arai, Miuranosuke haha wakare, Takatsuna monogatari)",Kinukawa mura  [Kamakura],"Kinugawa Villege (See also A Visit of Two Ladies-in-Waiting, Rice Washing, Parting of Miuranosuke with His Mother, Takatsuna's Declaration)","絹川村 (See also 局使者, 米洗い, 三浦之助母別れ, 高綱物語)",11,July 2000 Program
203,Kamiko-01,237,Daimonjiya,Daimonjiya [Kamiko],The Daimonjiya Cotton Shop,大文字屋,108,September 1973 Program; January 1991 Program
204,Kanadehon-01,238,Tsurugaoka kabuto aratame,Tsurugaoka kabuto aratame [Kanadehon],The Helmet Identification at Tsurugaoka,鶴が岡兜改め,63,January 1985 Program
205,Kanadehon-02,239,Koika,Koika [Kanadehon],The Love Poem,恋歌,63,December 1976 Program; January 1985 Program
206,Kanadehon-03,240,Momonoi yakata Rikiya jōshi,Momonoi yakata Rikiya joshi [Kanadehon],Rikiya Bears a Message,桃井館力弥上使,63,December 1976 Program
207,Kanadehon-04,241,Matsukiri,Matsukiri [Kanadehon],The Cutting of the Pine Branch,松切り,63,December 1976 Program
208,Kanadehon-05,242,Ōte gebasaki shinmotsu,Ote gebasaki shinmotsu [Kanadehon],The Bribing of Moronao,大手下馬先進物　,63,December 1976 Program; January 1985 Program
209,Kanadehon-06,243,Koshimoto Okaru fumizukai,Koshimoto Okaru fumizukai [Kanadehon],Okaru Delivers the Letter Case (Kaoyo's Poem),おかる文使い,63,December 1976 Program; January 1985 Program
210,Kanadehon-07,244,Denchū ninjō,Denchu ninjo [Kanadehon],The Attack in the Palace,殿中刃傷,63,December 1976 Program; January 1985 Program
211,Kanadehon-08,245,Uramon,Uramon [Kanadehon],The Back Gate,裏門,63,December 1976 Program; January 1985 Program
212,Kanadehon-09,246,Hanakago,Hanakago [Kanadehon],The Flower Basket,花籠,63,January 1985 Program
213,Kanadehon-10,247,Enya yakata Hangan seppuku,Enya yakata Hangan seppuku [Kanadehon],The Suicide of Hangan,塩谷館判官切腹,63,December 1976 Program; December 1976 Program
214,Kanadehon-11,248,Kasumigaseki shiro akewatashi,Kasumigaseki shiro akewatashi [Kanadehon],The Evacuation,霞ヶ関城明渡し,63,January 1985 Program; December 1976 Program
215,Kanadehon-12,249,Yamazaki kaidō deai,Yamazaki kaido deai [Kanadehon],The Encounter on the Yamazaki Highway,山崎街道出合,63,December 1976 Program; January 1985 Program
216,Kanadehon-13,250,Yamazaki kaidō futatsudama,Yamazaki kaido futatsudama [Kanadehon],The Shooting in the Dark,山崎街道二つ玉,63,December 1976 Program; January 1985 Program
217,Kanadehon-14,251,Okaru miuri,Okaru miuri [Kanadehon],The Selling of Okaru,お軽身売り,63,December 1976 Program; January 1985 Program
218,Kanadehon-15,252,Kampei harakiri,Kampei harakiri [Kanadehon],Kampei's Suicide,勘平腹切,63,December 1976 Program; January 1985 Program
219,Kanadehon-16,253,Gion Ichiriki chaya (jaya),Gion Ichiriki chaya (jaya) [Kanadehon],The Ichiriki Tea House in Gion,祇園一力茶屋,63,December 1976 Program; January 1985 Program
220,Kanadehon-17,254,Michiyuki tabiji no yomeiri,Michiyuki tabiji no yomeiri [Kanadehon],The Bridal Journey,道行旅路嫁入り,63,December 1976 Program
221,Kanadehon-18,255,Yuki kokashi,Yuki kokashi [Kanadehon],The Snowball,雪転かし,63,December 1976 Program
222,Kanadehon-19,256,Yamashina kankyo,Yamashina kankyo [Kanadehon],Yuranosuke's House at Yamashina,山科閑居,63,December 1976 Program
224,Kanadehon-20,258,Amagawaya,Amagawaya [Kanadehon],The Amagawaya Shop,天河屋,63,December 1998 Program
225,Kanadehon-21,259,Hanamizubashi hikiage,Hanamizubashi hikiage [Kanadehon],The Hanamizubashi Bridge,花水橋引揚,63,December 1976 Program
226,Kanjincho-01,261,Kanjinchō,Kanjincho [Kanjincho],The Subscription List,勧進帳,31,
227,Karukaya-01,262,Ōuchi yakata,Ouchi yakata [Karukaya],The Ouchi Mansion,大内館,142,September 1983 Program
228,Karukaya-02,263,Imorizake,Imorizake [Karukaya],The Aphrodisiac Wine,守宮酒,142,September 1983 Program
229,Katakiuchi-01,264,Pontochō kashizashiki,Pontocho kashizashiki [Katakiuchi],The Tea House at Pontocho,先斗町貸座敷,94,February 1971 Program
230,Katakiuchi-02,265,Shundō Jirōemon yashiki,Shundo Jiroemon yashiki [Katakiuchi],Shundo Jiroemon's House,春藤次郎右衛門屋敷,94,February 1991 Program; February 1971 Program
231,Katsuragawa-01,268,Ishibe yadoya,Ishibe yadoya [Katsuragawa],The Inn at Ishibe,石部宿屋,32,March 1976 Program; November 1985 Program
232,Katsuragawa-02,269,Rokkakudō,Rokkakudo [Katsuragawa],The Rokkakudo Temple,六角堂,32,March 1976 Program; November 1985 Program
233,Katsuragawa-03,270,Obiya,Obiya [Katsuragawa],The Obi Shop,帯屋,32,March 1976 Program; November 1985 Program
234,Katsuragawa-04,271,Michiyuki oboro no Katsuragawa,Michiyuki oboro no Katsuragawa [Katsuragawa],The Katsura River in a Dim Moonlight,道行朧の桂川,32,
235,KeiseiA-01,272,Junrei uta,Junrei uta [KeiseiA],The Pilgrim's Song,順礼歌,33,July 1980 Program
236,KeiseiH-01,274,Tosa no shōgen kankyo,Tosa no shogen kankyo [KeiseiH],The Tosa Painter's House,土佐将監閑居,34,May 1980 Program
237,KeiseiK-01,275,Ninokuchimura,Ninokuchimura [KeiseiK],Village of Ninokuchi,新口村,35,January 1989 Program
238,KeiseiY-01,276,Chō no michiyuki,Cho no michiyuki [KeiseiY],Butterflies' Travel,蝶の道行,146,May 1992 Program
239,Kiichi-03,279,Kiyomori yakata hyohō (heihō),Kiyomori yakata hyoho  [Kiichi],Kiyomori's Mansion,清盛館兵法,36,November 1991 Program
240,Kiichi-04,280,Kikubatake (See also Okuniwa),Kikubatake [Kiichi],The Chrysanthemum Garden (See also The Rear Garden),菊畑 (See also 奥庭),36,November 1991 Program
241,Kiichi-05,281,Okuniwa (See also Kikubatake),Okuniwa [Kiichi],The Rear Garden (See also The Chrysanthemum Garden),奥庭 (See also 菊畑),36,September 1979 Program
242,Kiichi-06,282,Gojōbashi,Gojobashi [Kiichi],The Gojo Bridge,五条橋,36,November 1991 Program
243,Kinuta-01,283,Kinuta to daimonji,Kinuta to daimonji [Kinuta],The Fulling Block and the Bonfire,きぬたと大文字,12,August 1986 Program
244,Kishi-01,284,Iihara Hyōe yakata,Iihara Hyoe yakata [Kishi],Hyoe's Mansion,飯原館,105,September 1972 Program
245,KoiB-01,285,Ninokuchimura,Ninokuchimura [KoiB],Village of Ninokuchi,新口村,97,October 1971 Program
246,Koino-01,289,Ninokuchimura,Ninokuchimura [Koino],Village of Ninokuchi,新口村,116,January 1982 Program
247,Koimusume-01,286,Saiza kandō,Saiza kando [Koimusume],The Disinheritance of Saizaburo,才三勘当,37,September 1989 Program; November 1970 Program
248,Koinyobo-01,290,Nō butai Sadanoshin seppuku,No butai Sadanoshin seppuku [Koinyobo],Sadanoshin's Suicide,能舞台定之進切腹,38,February 1972 Program
249,Kojo-01,295,Kōjō,Kojo [Kojo],Kōjō [announcement/special performance],口上,140,
250,Kokaji-01,296,Kokaji,Kokaji [Kokaji],Kokaji the Swordsmith,小鍛冶,39,February 1977 Program; July 1988 Program
251,Kokusenya-01,297,Daimin goten,Daimin goten [Kokusenya],The Court of the Ming Emperor,大明御殿,40,February 1980 Program; July 1984 Program
252,Kokusenya-02,298,Okuden,Okuden [Kokusenya],The Rearmost Chamber,大明御殿奥殿,40,February 1980 Program
253,Kokusenya-03,299,Ashibe,Ashibe [Kokusenya],The Reedy Marshes,芦辺,40,February 1980 Program
255,Kokusenya-06,300,Senrigatake toragari,Senrigatake toragari [Kokusenya],The Tiger Hunt,千里が竹虎狩り,40,February 1980 Program
256,Kokusenya-07,301,Rōmon,Romon [Kokusenya],The Castle Gate,楼門,40,February 1980 Program
257,Kokusenya-08,302,Kanki yakata (See also Shishigajō),Kanki yakata  [Kokusenya],Kanki's Mansion (See also The Shishigajo Catsle),甘輝館 (See also 獅子が城),40,February 1980 Program
258,Kokusenya-09,303,Beninagashi (See also Shishigajō),Beninagashi [Kokusenya],The Red Signal (See also The Shishigajo Catsle),紅流し (See also 獅子が城),40,February 1980 Program
259,Komochi-01,307,Kuruwa banashi,Kuruwa banashi [Komochi],The Gay Quarter Gossips,廓噺,41,February 1997 Program
260,KotobukiH-01,308,Dangouri ,Dangouri  [KotobukiH],The Dumpling Peddlers,団子売,42,January 1978 Program
261,KotobukiR-01,310,Minatomachi,Minatomachi [KotobukiR],The House of Sajibei (Sajihei),湊町,150,January 2002 Program; January 1986 Program
263,Kotobukishiki-01,312,Kotobuki shikisanbasō,Kotobuki shikisanbaso [Kotobukishiki],The Dance of Sambaso,寿式三番叟,100,May 1980 Program
264,Kumeno-01,313,Yoshino yama,Yoshino yama [Kumeno],Mount Yoshino,吉野山,121,April 1975 Program; July 1989 Program
265,Kunikotoba-01,314,Ōkawa,Okawa [Kunikotoba],The Okawa River,大川,13,August 1978 Program
266,Kunikotoba-02,315,Goningiri,Goningiri [Kunikotoba],The Mass Murder,五人伐,13,September 1984 Program
267,Kuruwa-01,316,Yoshidaya,Yoshidaya [Kuruwa],The Yoshidaya Tea House,吉田屋,87,January 1990 Program
268,Kusunoki-01,317,Kinuta byōshi,Kinuta Byoshi [Kusunoki],The Laundry,碪拍子,95,May 1990 Program
269,Maidake-01,319,Dai ichimaku,Dai ichimaku [Maidake],Act 1,第一幕,158,August 1988 Program
270,Mandaga-01,321,Kubibiki,Kubibiki [Mandaga],The Tug of War,首引き,44,August 1988 Program
271,Manzai-01,328,Manzai,Manzai [Manzai],The Street Entertainers,万才,165,January 1994 Program
272,Matsukaze-01,329,Utsubozaru,Utsubozaru [Matsukaze],The Monkey Dance,靱猿,136,February 1986 Program; November 1989 Program
273,MeibokuK-01,330,Tōfuya,Tofuya [MeibokuK],The Bean Curd Maker's,豆腐屋,125,July 1988 Program; July 2002 Program
274,MeibokuS-01,335,Takenoma,Takenoma [MeibokuS],The Bamboo Room,竹の間,45,January 1996 Program
275,Meido-01,339,Awajimachi,Awajimachi [Meido],The Kameya Express Agency at Awajimachi,淡路町,7,February 1985 Program
276,Meido-03,340,Fūingiri,Fuingiri [Meido],The Misappropriation (of Money),封印切,7,February 1985 Program
277,Meido-04,341,Michiyuki aiai kago,Michiyuki aiai kago [Meido],The Travel in a Palanquin,道行相合かご,7,February 1985 Program
278,Men-01,344,Menuri,Menuri [Men],The Mask Peddler,面売り,46,December 1993 Program
279,Meoto-01,345,Kitashinchi Sonezaki chaya Sometarō,Kitashinchi Sonezaki chaya Sometaro [Meoto],Teahouse Sometaro at Sonezaki,北新地曽根崎茶屋染太郎,156,July 1990 Program
280,MichiyukiH-01,350,Michiyuki hatsune no tabi,Michiyuki hatsune no tabi  [MichiyukiH],The Travel on Mount Yoshino,道行初音旅,91,May 1981 Program
281,MichiyukiT-01,351,Michiyuki tabiji no yomeiri,Michiyuki tabiji no yomeiri  [MichiyukiT],The Bridal Journey,道行旅路の嫁入,143,December 1976 Program
282,Miura-01,352,Aogaishi Rokurōdayū sumika,Aogaishi Rokurodayu sumika [Miura],The House of Rokurodayu,青貝師六郎太夫住家,149,January 1986 Program
283,Mizuni-03,356,Nagaragawa ukai jōran,Nagaragawa ukai joran [Mizuni],Inspection of the Cormorant Fishing on the Nagara River,長良川鵜飼上覧,111,July 1991 Program
284,Modoribashi-01,357,Modoribashi,Modoribashi [Modoribashi],The Modoribashi Bridge,戻り橋,102,April 1972 Program
285,Modorikago-01,358,Kuruwa banashi,Kuruwa banashi [Modorikago],The Talks About Gay Quarters,廓噺,157,March 1988 Program
286,Mojo-01,359,Sannin zatō,Sannin zato [Mojo],The Three Blind Masseurs,三人座頭,88,February 1968 Program; October 1977 Program
287,Momijigari-01,360,Momijigari,Momijigari [Momijigari],The Maple Viewing Party,紅葉狩,47,September 1981 Program
288,Musume-01,361,Hanabishiya,Hanabishiya [Musume],The Hanabishiya Brothel,花菱屋,48,May 1975 Program; January 1990 Program
289,Nami-01,367,Nami ,Nami  [Nami],Nami,波,131,May 1978 Shinobukai Program; no English translation available
291,Narihibiku-01,369,Kanjinchō,Kanjincho  [Narihibiku],The Subscription List,勧進帳,49,December 1984 Program
292,Natsumatsuri-01,370,Sumiyoshi torii mae,Sumiyoshi torii mae [Natsumatsuri],In Front of the Sumiyoshi Shrine,住吉鳥居前,71,July 1985 Program
293,Natsumatsuri-02,371,Uchihonmachi dōguya,Uchihonmachi doguya [Natsumatsuri],The Curio Shop at Uchihonmachi,内本町道具屋,71,July 1985 Program
294,Natsumatsuri-03,372,Michiyuki imose no hashirigaki,Michiyuki imose no hashirigaki [Natsumatsuri],The Lovers' Trip,道行妹背の走書,71,July 1985 Program
295,Natsumatsuri-04,373,Tsuribune Sabu uchi,Tsuribune Sabu uchi [Natsumatsuri],The House of Sabu,釣船三婦内,71,July 1985 Program
296,Natsumatsuri-05,374,Nagamachi ura,Nagamachi ura [Natsumatsuri],The Back Lane at Nagamachi,長町裏,71,July 1985 Program
297,Natsumatsuri-06,375,Tajimamachi Danshichi uchi,Tajimamachi Danshichi uchi [Natsumatsuri],The House of Danshichi,田島町団七内,71,July 1985 Program
298,Nemo-01,376,Dangouri,Dangouri [Nemo],"The Dumpling Peddlers (""""Nemosaeru Haruno Usuzuki"""")",団子売,74,November 1974 Program
299,Nezumi-01,377,Nezumi no sōshi,Nezumi no soshi [Nezumi],The Rat's Romance,鼠のそうし,103,August 1989 Program
301,NininK-01,379,Ninin kamuro,Ninin kamuro [NininK],Two Girl Attendants to a Courtesan,二人禿,119,February 1975 Program; December 1985 Program
302,NininS-01,380,Ninin sanbasō,Ninin sanbaso [NininS],The Dance of Sambaso,二人三番叟,129,[See Kotobuki Shiki Sanbasō]
303,Ocho-01,381,Dai ikkei,Dai ikkei [Ocho],"Scene 1 (""""Madame Butterfly"""")",第一景,155,August 1987 Program
304,Oeyamano-01,384,Chūnagon Takafusa yakata,Chunagon Takafusa yakata [Oeyamano],Takafusa's Mansion,中納言高房館,161,August 1989 Program
305,OeyamaS-01,392,Tsuchigumo taiji,Tsuchigumo taiji [OeyamaS],The Subjugation of the Earth-Spider,土蜘蛛退治,154,August 1987 Program;August 1991 Program; August 2001 Program
306,Ohan-01,393,Teppō koji,Teppo koji [Ohan],Teppo Alley,鉄砲小路,159,August 1988 Program
307,Omi-03,399,Wada Byōe jōshi,Wada Byoe joshi [Omi],The Visit of Wada Byoe,和田兵衛上使,90,"November 1987 Program; Kabuki tojo jinbutsu jiten (Tokyo: Hakusuisha, 2006); May 1983 Program"
308,Omon-01,403,Omon Tōda,Omon Toda [Omon],Omon Toda,おもん藤太,134,May 1978 Shinobukai Program; Bunka dejitaru raiburarii; no English translation available
309,Onna-01,404,Tokuan tsutsumi,Tokuan tsutsumi [Onna],The Riverbank at Tokuan,徳庵堤茶店,1,February 1982 Program
310,Onna-02,405,Kawachiya uchi,Kawachiya uchi [Onna],The House of Kawachiya,河内屋内,1,February 1982 Program
311,Onna-03,406,Teshimaya aburamise,Teshimaya aburamise [Onna],The Oil Store Teshimaya,豊島屋油店,1,February 1982 Program
312,Onna-04,407,Teshimaya taiya,Teshimaya taiya [Onna],The Memorial Service,豊島屋逮夜,1,February 1982 Program
313,Onshu-01,408,Torii tōge chamise,Torii toge chamise [Onshu],The Tea Stall at Torii Pass,鳥居峠茶店,86,November 1964 Yukahon; no English translation available
314,Oshu-08,419,Shikitae shisha (See also Tamaki no miya akigoten),Shikitae shisha [Oshu],Messenger Shikitae (See also The Mansion of Prince Tamaki),敷妙使者 (See also 環の宮明御殿),110,November 1976 Program
315,Renjishi-01,423,Renjishi,Renjishi [Renjishi],The Lion Dance,連獅子,50,April 1988 Program
316,Roben-01,424,Shiga no sato,Shiga no sato [Roben],The Town of Shiga,志賀の里,68,January 1998 Program
317,Ryuko-01,428,Ryūko,Ryuko [Ryuko],The Dragon and the Tiger,龍虎,118,ū
318,Sagimu-01,429,Sagimusume ,Sagimusume  [Sagimu],The Heron Girl,鷺娘,166,January 1994 Program
319,Saiyuki-01,431,Enma ōkyū,Emma okyu [Saiyuki],Yama's Court,閻魔王宮,51,August 1988 Program
320,Sakura-01,442,Unagidani,Unagidani [Sakura],The Second-Hand Article Dealer's at Unagidani,鰻谷,92,November 1971 Program
321,Sanju-01,443,Kumano sanchū,Kumano sanchu [Sanju],In the Kumano Mountain,熊野山中,77,"June 1986 [no program]; Shin Wa-Ei chūjiten (Tokyo: Kenkyusha, 1995); no English translation available"
322,Sannin-01,447,Sannin katawa,Sannin katawa [Sannin],The Three Oddities,三人片輪,96,September 1972 Program
323,Sansho-04,448,Sanshōdayū yakata,Sanshodayu yakata [Sansho],Sanshodayu's Mansion,さんしょう太夫館,130,August 1977 Sōsaku Bunraku Program [no English program]; no English translation available
324,Seishu-01,456,Akogigaura,Akogigaura [Seishu],Akogi Bay,阿漕浦,122,August 1984 Program
325,Sekitori-01,458,Inagawa uchi,Inagawa uchi [Sekitori],Inagawa's House,猪名川内,52,July 1986 Program
326,Sesshu-02,461,Bandai ike,Bandai ike [Sesshu],The Bandai Pond,万代池,75,"September 1973 Program; September 1980 Program; Kabuki tojo jinbutsu jiten (Tokyo: Hakusuisha, 2006), p. 236"
327,Shichifukujin-01,463,Shichifukujin takara no irifune,Shichifukujin takara no irifune [Shichifukujin],The Seven Gods of Fortune,七福神宝の入舩,53,January 1986 Program
328,Shin-01,485,Jishu Gongen hanami,Jishu Gongen hanami [Shin],The Cherry-Viewing,地主権現花見,56,September 1980 Program
329,ShinjuK-01,464,Rokkenchō,Rokkencho [ShinjuK],The Kasaneizutsu Tea House,六軒町,54,"February 1997 Program; February 1979 Program; Kabuki tojo jinbutsu jiten (Tokyo: Hakusuisha, 2006)"
330,ShinjuT-02,466,Kitanoshinchi Kawashō,Kita no shinchi Kawasho [ShinjuT],The Tea House Kawasho,北新地河庄,2,October 1986 Program; April 1979 Program
331,ShinjuT-03,467,Tenma kamiya uchi,Temma kamiya uchi  [ShinjuT],Jihei's House,天満紙屋内,2,October 1986 Program; April 1979 Program
332,ShinjuT-04,468,Yamatoya,Yamatoya [ShinjuT],The Yamatoya Tea House,大和屋,2,October 1986 Program
333,ShinjuY-01,470,Uedamura,Uedamura [ShinjuY],The Village of Ueda,上田村,4,February 1982 Program
334,ShinjuY-02,471,Yaoya,Yaoya [ShinjuY],The Grocery Store,八百屋,4,February 1982 Program
335,ShinjuY-03,472,Michiyuki omoi no mijikayo,Michiyuki omoi no mijikayo [ShinjuY],The Final Trip,道行思ひの短夜,4,February 1982 Program; May 1979 Program
336,Shinpan-02,474,Nozakimura,Nozakimura [Shinpan],The Village of Nozaki,野崎村,80,February 1971 Program; January 1993 Program
337,Shinrei-01,478,Nitta kyojō,Nitta kyojo [Shinrei],Nitta's Castle,新田居城,55,May 1975 Program
338,Shinshu-01,483,Terutora haizen,Terutora haizen [Shinshu],Terutora Serves a Meal,輝虎配膳,106,February 1996 Program; May 1973 Program
340,Shoutsushi-01,498,Ōuchi yakata,Ouchi yakata [Shoutsushi],The Ouchi Mansion,大内館,57,May 1978 Program
341,Shoutsushi-02,492,Tatarahama,Tatarahama [Shoutsushi],Tatara Beach,多々羅浜,57,May 1978 Program
342,Shoutsushi-03,493,Ujigawa,Ujigawa [Shoutsushi],The Uji River,宇治川蛍狩,57,May 1978 Program; June 1984 Program
343,Shoutsushi-04,494,Makuzugahara chamise,Makuzugahara chamise [Shoutsushi],The Tea Stall on the Makuzu Plain,真葛ヶ原真葛が原茶店,57,May 1978 Program
344,Shoutsushi-05,495,Okazaki kakurega,Okazaki kakurega [Shoutsushi],Yuminosuke's House at Okazaki,岡崎隠れ家,57,May 1978 Program
345,Shoutsushi-06,496,Akashinoura funawakare,Akashinoura funawakare [Shoutsushi],The Parting at the Port of Akashi,明石船別れ (明石浦船別れ),57,May 1978 Program
346,Shoutsushi-07,497,Yuminosuke yashiki,Yuminosuke yashiki [Shoutsushi],Yuminosuke's Mansion,弓之助屋舗,57,May 1978 Program
347,Shoutsushi-08,499,Osegawa,Osegawa [Shoutsushi],The Ose River,小瀬川,57,May 1978 Program
348,Shoutsushi-09,500,Mayagatake,Mayagatake [Shoutsushi],Mt. Maya,摩耶が嶽,57,May 1978 Program
349,Shoutsushi-10,501,Ōiso ageya,Oiso ageya [Shoutsushi],The Tea House at Oiso,大磯揚屋,57,May 1978 Program
350,Shoutsushi-11,502,Kusuriuri,Kusuriuri [Shoutsushi],The Patent Medicine Seller,薬売り,57,May 1978 Program
351,Shoutsushi-12,503,Hamamatsu koya,Hamamatsu koya [Shoutsushi],The Hut at Hamamatsu,浜松小屋,57,May 1978 Program
352,Shoutsushi-13,504,Shimada no shuku waraigusuri,Shimada no shuku waraigusuri [Shoutsushi],The Laughter Drug,島田駅笑ひ薬,57,May 1978 Program
353,Shoutsushi-14,505,Yadoya,Yadoya [Shoutsushi],The Inn,宿屋,57,May 1978 Program
354,Shoutsushi-15,506,Ōigawa,Oigawa [Shoutsushi],The Oi River,大井川,57,May 1978 Program
355,Shoutsushi-16,507,Kaerizaki azuma no michikusa,Kaerizaki azuma no michikusa [Shoutsushi],The Second Blooming,帰り咲吾妻の路草,57,May 1978 Program
356,Shunkin-01,508,Tengachaya Shōtenyama umemi,Tengachaya Shotenyama umemi [Shunkin],The Plum-Blossom Viewing,天下茶屋聖天山梅見,152,August 1986 Program
357,Shusse-01,512,Ononohime michiyuki,Ononohime michiyuki [Shusse],Ononohime's Trip,小野姫道行,148,November 1985 Program
358,Somemoyo-02,516,Ikutama torii mae,Ikutama torii mae [Somemoyo],The Ikutama Shrine,生玉鳥居前,5,"November 1984 Program (Ikutama); May 1976 Program (Ikudama); Kabuki tojo jinbutsu jiten (Tokyo: Hakusuisha, 2006), p. 193 (Ikutama); Keene, Major plays of Chikamatsu (Ikudama)"
359,Somemoyo-03,517,Shichimise,Shichimise [Somemoyo],The Pawnshop,質店,5,November 1984 Program
360,Somemoyo-04,518,Kuramae,Kuramae [Somemoyo],In front of the Storehouse,蔵前,5,November 1984 Program
361,Sonezaki-01,519,Ikudama shazen,Ikudama shazen [Sonezaki],In Front of the Ikudama Shrine,生玉社前,3,"February 1981 Program; February 1984 Program; Kabuki tojo jinbutsu jiten (Tokyo: Hakusuisha, 2006), p. 193 (Ikutama); Keene, Major plays of Chikamatsu (Ikudama)"
362,Sonezaki-02,520,Tenmaya,Tenmaya [Sonezaki],The Temmaya Tea House,天満屋,3,February 1981 Program; February 1984 Program
363,Sonezaki-03,521,Tenjin no mori,Tenjin no mori [Sonezaki],The Woods of the Tenjin Shrine,天神森,3,February 1981 Program; February 1984 Program
365,Sumano-01,541,Ōgiya uchi,Ogiya uchi [Sumano],The Fan Shop,扇屋内,81,May 1976 Program
366,Taiheiki-01,543,Shichijō kawara,Shichijo kawara [Taiheiki],The Dry Riverbed at Shichijo,七条河原,101,November 1993 Program; February 1972 Program
367,Tamamono-07,551,Kiyomizudera,Kiyomizudera [Tamamono],The Kiyomizu Temple,清水寺,58,September 1982 Program
368,Tenno-02,560,Tenma kamiya uchi,Tenma kamiya uchi [Tenno],Jihei's House (The Paper Store),天満紙屋内(紙屋内),137,
369,Tokaidochu-01,562,Akasaka namiki,Akasaka namiki [Tokaidochu],The Pine-Lined Road at Akasaka,赤坂並木,59,July 1988 Program
370,Tsubosaka-01,564,Tosamachi matsubara,Tosamachi matsubara [Tsubosaka],The Pine Grove at Tosamachi,土佐町松原,60,January 1989 Program
371,Tsuri-01,568,Tsuri onna,Tsuri onna [Tsuri],Fishing for Wives,釣女,70,January 1985 Program
372,Urikohime-01,569,Urikohime to Amanjaku,Urikohime to Amanjaku [Urikohime],Urikohime and Amanjaku,瓜子姫とあまんじゃく,9,August 1986 Program
373,Wada-01,571,Hangaku mon'yaburi,Hangaku monyaburi [Wada],Hangaku Breaks the Gate,板額門破り,164,September 1989 Program
374,Yadonashi-01,573,Iwai buro,Iwai buro [Yadonashi],The Iwai Bathhouse,岩井風呂,151,July 1986 Program
375,Yaoya-01,574,Shin utsubo,Shin utsubo [Yaoya],The Greengrocer's at Shin-Utsubo,新靱,153,November 1992 Program
376,Yari-01,575,Hamanomiya no baba,Hamanomiya no baba [Yari],The Hamanomiya Riding Ground,浜の宮馬場,61,February 1983 Program
377,Yoshitsune-01,580,Sentō gosho,Sento gosho [Yoshitsune],The Sento Palace,仙洞御所,62,May 1981 Program
378,Yoshitsune-02,581,Kitasaga,Kitasaga [Yoshitsune],The Nunnery at Kitasaga,北嵯峨,62,May 1981 Program
379,Yoshitsune-03,582,Horikawa gosho,Horikawa gosho [Yoshitsune],Yoshitsune's Mansion at Horikawa,堀川御所,62,May 1981 Program
380,Yoshitsune-06,585,Shiinoki,Shiinoki [Yoshitsune],The Gathering Nuts,椎の木,62,May 1981 Program
381,Yoshitsune-07,586,Kokingo uchijini,Kokingo uchijini [Yoshitsune],Kokingo's Death,小金吾討死,62,May 1981 Program
382,Yoshitsune-08,587,Sushiya,Sushiya [Yoshitsune],The Sushi Shop,すしや,62,May 1981 Program
383,Yoshitsune-04,583,Fushimi Inari,Fushimi Inari [Yoshitsune],Fushimi Inari Shrine,伏見稲荷,62,May 1981 Program
385,Yoshitsune-10,589,Kawatsura Hōgen yakata,Kawatsura Hogen yakata [Yoshitsune],The Mansion of Kawatsura Hogen,川連法眼館,62,May 1981 Program
387,Yugiri-01,591,Kuken Yoshidaya,Kuken Yoshidaya [Yugiri],The Yoshidaya Tea House,九軒吉田屋,113,February 1987 Program
388,Yuki-01,594,Konzan no aki,Konzan no aki [Yuki],Autumn on Mount Kon,崑山の秋,127,November 1985 Program
390,Yura-01,597,Yama,Yama [Yura],The Mountain,山,141,March 1988 Program
391,ZohoC-01,598,Honzō shimoyashiki,Honzo shimoyashiki [ZohoC],Honzo's Villa,本蔵下屋敷,98,September 1977 Program
392,ZohoK-01,599,Daikyōji uchi,Daikyoji uchi [ZohoK],The Almanac Maker's House,大経師内,144,April 1985 Program
393,ZohoO-01,600,Modoribashi ,Modoribashi  [ZohoO],The Modoribashi Bridge,戻り橋,67,June 1985 Program
394,KeiseiA-02,273,Jūrobei uchi,Jurobei uchi [KeiseiA],Jurobei's House,十郎兵衛内,33,June 1985 Program
399,Koimusume-02,287,Shirokiya,Shirokiya [Koimusume],The Shirokiya Timber Store,城木屋,37,September 1989 Program; November 1970 Program
400,Koimusume-03,288,Suzugamori,Suzugamori [Koimusume],The Suzugamori Execution Ground,鈴ヶ森,37,September 1989 Program; November 1970 Program
401,Hirakana-04,137,Michiyuki kimi ga ushirohimo,Michiyuki kimi ga ushirohimo [Hirakana],The Travel of the Bereaved Family,道行君後紐,26, February 1979 Program
402,Hirakana-08,141,Sakaro,Sakaro [Hirakana],The Rowing Lesson,逆櫓,26,November 1988 Program
403,Honcho-01,149,Ashikaga Yakata ōhiroma,Ashikaga yakata ohiroma [Honcho],Grand Hall in Ashikaga Mansion,足利館大広間,27,October 1969 Program
404,Honcho-02,150,Ashikaga yakata okugoten,Ashikaga yakata okugoten [Honcho],The Innermost Room,足利館奥御殿,27,October 1969 Program; Bunka dejitaru raiburarii
405,Honcho-03,151,Suwa Myōjin hyakudoishi,Suwa Myojin hyakudoishi [Honcho],The Suwa Shrine,諏訪明神百度石,27,October 1969 Program
406,Honcho-04,152,Kikyōgahara,Kikyogahara [Honcho],Kikyo Field,桔梗原,27,October 1969 Program
407,Honcho-05,153,Kagekatsu geta,Kagekatsu geta [Honcho],Kagekatsu and Wooden Clogs,景勝下駄,27,December 1975 and October 1969 Programs
408,Honcho-06,154,Kansuke sumika,Kansuke sumika [Honcho],Kansuke's House,勘助住家,27,October 1969 Program
409,Honcho-10,158,Shingen monogatari,Shingen monogatari [Honcho],Shingen's Talk,信玄物語,27,October 1969 Program
410,Honcho-12,160,Wada no bessho keshō yashiki,Wada no bessho kesho yashiki [Honcho],Bewitched by a Fox,和田別所化性屋敷,27,October 1969 Program
411,Ichinotani-01,170,Horikawa gosho,Horikawa gosho [Ichinotani],The Horikawa Mansion,堀川御所,72,February 1975 Program
412,Ichinotani-02,171,Atsumori shutsujin,Atsumori shutsujin [Ichinotani],Atsumori's Departure for the Battlefront,敦盛出陣,72,February 1975 Program
413,Ichinotani-06,175,Hayashi sumika,Hayashi sumika [Ichinotani],The House of Hayashi,林住家,72,February 1975 Program
414,Ichinotani-07,176,Midaroku uchi,Midaroku uchi [Ichinotani],The House of Midaroku,弥陀六内,72,February 1975 Program
416,Ichinotani-11,180,Rokuyata yakata,Rokuyata yakata [Ichinotani],Rokuyata's Mansion,六弥太館,72,February 1975 Program
421,Igagoe-01,183,Tsurugaoka,Tsurugaoka [Igagoe],The Tsurugaoka Hachiman Shrine,鶴が岡,29,November 1984 Program
422,Igagoe-03,185,Engakuji,Engakuji [Igagoe],The Engakuji Temple,円覚寺,29,April 1992 Program
424,Koinyobo-02,291,Katsukake mura,Katsukake mura [Koinyobo],Katsukake Village,沓掛村,38,February 1972 Program
425,Koinyobo-03,292,Sakanoshita,Sakanoshita [Koinyobo],At the Foot of the Slope,坂の下,38,February 1972 Program
426,Koinyobo-04,293,Dochū sugoroku,Dochu sugoroku [Koinyobo],Backgammon,道中双六,38,February 1972 Program
427,Koinyobo-05,294,Shigenoi kowakare,Shigenoi kowakare [Koinyobo],Shigenoi's Parting with Her Son,重の井子別れ,38,February 1972 Program
434,KotobukiR-02,311,Sumiyoshi hamabe,Sumiyoshi hamabe [KotobukiR],The Sumiyoshi Beach,住吉浜辺,150,January 1986 Program
438,Kusunoki-02,318,Tokutayū sumika,Tokutayu sumika [Kusunoki],The House of Tokutayu (Tokudayu or Tokutaifu),徳太夫住家,95,"May 1990 Program; Kabuki tojo jinbutsu jiten (Tokyo: Hakusuisha, 2006)"
439,Maidake-02,320,Dai nimaku,Dai nimaku [Maidake],Act 2,第二幕,158,August 1988 Program
440,Mandaga-02,322,Okuyama furuyashiro,Okuyama furuyashiro [Mandaga],The Old Shinto Shrine,奥山古社,44,August 1995 Program
441,Mandaga-03,323,Kowakubi yashiki,Kowakubi yashiki [Mandaga],Kowakubi's House,強頸屋敷,44,August 1995 Program
442,Mandaga-05,325,Nomichi,Nomichi [Mandaga],The Path Across a Field,野道,44,August 1995 Program
443,Mandaga-06,326,Hitobashira,Hitobashira [Mandaga],The Human Sacrifice,人柱,44,August 1995 Program
444,MeibokuS-02,336,Goten,Goten [MeibokuS],The State Room,御殿,45,January 1996 Program; September 1972 Program
445,MeibokuS-03,337,Masaoka chūgi,Masaoka chugi [MeibokuS],Masaoka's Loyalty,政岡忠義,45,January 1996 Program
446,MeibokuS-04,338,Yukashita,Yukashita [MeibokuS],Under the Floor,床下,45,January 1996 Program
447,MeibokuS-05,333,"Hanyūmura (See also Hanyūmura from """"Meiboku kasane monogatari"""")",Hanyumura [MeibokuS],"Hanyu Village (See also Hanyu Village from """"The Story of Kasane"""")",埴生村,45,September 1972 Program
448,MeibokuS-06,334,"Dobashi (See also Dobashi from """"Meiboku kasane monogatari"""")",Dobashi [MeibokuS],"The Earthen Bridge (See also The Earthen Bridge from """"The Story of Kasane"""")",土橋,45,September 1972 Program
449,MeibokuK-02,331,"Hanyūmura (See also Hanyūmura from """"Meiboku sendaihagi"""")",Hanyumura [MeibokuK],"The Village of Hanyu (See also Hanyu Village from """"The Trouble in the Date Household"""")",埴生村,125,July 1988 Program; July 2002 Program
450,MeibokuK-03,332,"Dobashi (See also Dobashi from """"Meiboku sendaihagi"""")",Dobashi  [MeibokuK],"The Earthen Bridge (See also The Earthen Bridge from """"The Trouble in the Date Household"""")",土橋,125,July 1976 Program
451,Meoto-02,346,Ueshio machi Gataro yokochō issen tenpura Tentane,Ueshio machi Gataro yokochō issen tenpura Tentane [Meoto],Fry Shop at Gataro Yokocho,上塩町がたろ横丁一銭天婦羅天たね,156,
452,Meoto-03,347,Kōzu Nipponbashi suji Kuromon ichiba ura nikai magari,Kozu Nipponbashi suji Kuromon ichiba ura nikai magari [Meoto],A Room Upstairs at Kuromon,高津日本橋筋黒門市場裏二階間借り,156,July 1990 Program
453,Meoto-04,348,Shitaderamachi dentei mae kafēsaron Chōryū,Shitaderamachi dentai mae kafesaron Choryu [Meoto],Café Salon Choryu at Shimoderamachi,下寺町電停前カフェーサロン蝶柳,156,July 1990 Program
454,Meoto-05,349,Sennichimae Hōzenji yokochō meoto zenzai,Sennichimae Hozenji yokocho meoto zenzai [Meoto],Meoto Zenzai,千日前法善寺横丁めをとぜんざい,156,July 1990 Program
455,Miura-02,353,Hoshiaidera Kajiwara ishikiri,Hoshiaidera Kajiwara ishikiri [Miura],The Hoshiai Temple,星合寺梶原石切,149,January 1986 Program
456,Mizuni-01,354,Karakuni Kyōhaku kohan,Karakuni Kyohaku kohan [Mizuni],The Kyohaku Lakeside in China,唐国鏡白湖畔,111,July 1991 Program
457,Mizuni-02,355,Minō no kuni ukaiya ushō no kashirauchi,Mino no kuni ukaiya usho no kashirauchi [Mizuni],The Cormorant Fisherman's House,美濃国鵜飼屋鵜匠の頭内,111,July 1991 Program
458,Musume-02,362,Hiūgajima,Hiugajima [Musume],Hiuga Island,日向嶋,48,May 1975 Program; January 1990 Program
460,Ocho-02,382,Dai nikei,Dai nikei [Ocho],"Scene 2 (""""Madame Butterfly"""")",第二景,155,August 1987 Program
461,Ocho-03,383,Dai sankei,Dai sankei [Ocho],"Scene 3 (""""Madame Butterfly"""")",第三景,155,August 1987 Program
462,Oeyamano-02,385,Ichijō modoribashi,Ichijo modoribashi [Oeyamano],The Modoribashi Bridge at Ichijo,一條戻り橋,161,August 1989 Program
463,Oeyamano-03,386,Watanabeno Tsuna yashiki,Watanabeno Tsuna yashiki [Oeyamano],Watanabe-no-Tsuna's Mansion,渡辺綱屋敷,161,August 1989 Program
464,Oeyamano-04,387,Minamotono Yorimitsu yashiki,Minamotono Yorimitsu yashiki [Oeyamano],Minamoto-no-Yorimitsu's Mansion,源頼光邸,161,August 1989 Program
465,Oeyamano-05,388,Raikō yamairi,Raiko yamairi [Oeyamano],Raiko Climbs the Mountain,頼光山入り,161,August 1989 Program
466,Oeyamano-06,389,Shutendōji taimen,Shutendoji taimen [Oeyamano],The Confrontation with Shutendoji,酒呑童子対面,161,August 1989 Program
467,Oeyamano-07,390,Ōgumo taiji,ogumo taiji [Oeyamano],The Giant Spider,大蜘蛛退治,161,August 1989 Program
468,Oeyamano-08,391,Dōji shinjo,Doji shinjo [Oeyamano],Shutendoji's Bedroom,童子寝所,161,August 1989 Program
469,Ohan-02,394,Kajiyachō,Kajiyacho [Ohan],Okayo's House,鍛冶屋町,159,August 1988 Program
470,Omi-06,401,Moritsuna jinya (See also Koshirō on'ai and Moritsuna kubi jikken),Moritsuna jinya (See also Koshiro on'ai and Moritsuna kubi jikken) [Omi],Moritsuna's War Camp (See also Love for Koshiro and Moritsuna Identifies a Head),盛綱陣屋 (See also 小四郎恩愛 and 盛綱首実検),90,September 1974 Program
471,Omi-01,397,Shitobei sumika,Shitobei sumika [Omi],Shitobei's House,四斗兵衛住家,90,September 1974 Program
472,Omi-02,398,Sakamotojō,Sakamotojo [Omi],Sakamoto Castle,坂本城,90,September 1974 Program; November 1987 Program
473,Omi-04,400,Koshirō on'ai (See also Moritsuna jinya),Koshiro on'ai [Omi],Love for Koshiro (See also Moritsuna's War Camp),小四郎恩愛 (See also 盛綱陣屋),90,May 1983 Program
474,Omi-07,402,Takatsuna kakurega,Takatsuna kakurega [Omi],Takatsuna's Hideout,高綱隠れ家,90,November 1987 Program
475,Oshu-09,412,Yanone (See also Tamaki no miya akigoten),Yanone [Oshu],The Arrowhead (See also The Mansion of Prince Tamaki),矢の根 (See also 環の宮明御殿),110,November 1976 Program
476,Oshu-10,422,Sodehagi saimon (See also Tamaki no miya akigoten),Sodehagi saimon [Oshu],Sodehagi's Appeal (See also The Mansion of Prince Tamaki),袖萩祭文 (See also 環の宮明御殿),110,November 1976 Program
477,Oshu-01,410,Tsurugaoka kariya,Tsurugaoka kariya [Oshu],The Temporary Mansion at Tsurugaoka,鶴が岡仮屋,110,February 1973 Program
478,Oshu-02,411,Yoshida shatō,Yoshida shato [Oshu],The Yoshida Shrine,吉田社頭,110,February 1973 Program
479,Oshu-03,421,Hachiman Tarō yakata,Hachiman Taro yakata [Oshu],Yoshiie's Mansion,八幡太郎館,110,February 1973 Program
480,Oshu-04,413,Sotogahama,Sotogahama [Oshu],The Sotogahama Beach,外が浜,110,February 1973 Program
481,Oshu-05,414,Utō Bunji sumika,Uto Bunji sumika [Oshu],The House of Bunji,善知鳥文治住家,110,February 1973 Program
482,Oshu-06,420,Shujaku tsutsumi,Shujaku tsutsumi [Oshu],The Shujaku River Bank,朱雀堤,110,"February 1973 Program; September 1990 Program; Kabuki tojo jinbutsu jiten (Tokyo: Hakusuisha, 2006), p. 491."
483,Oshu-07,415,"Tamaki no miya akigoten (See also Shikitae shisha, Yanone, and Sodehagi saimon)",Tamaki no miya akigoten [Oshu],"The Mansion of Prince Tamaki (See also The Messenger Shikitae, Arrowhead and Sodehagi's Appeal)","環の宮明御殿 (See also 敷妙使者, 矢の根 and 袖萩祭文)",110,February 1973 Program
484,Oshu-11,416,Michiyuki chisato no iwataobi,Michiyuki chisato no iwataobi [Oshu],The Drug Peddlers' Travel,道行千里の岩田帯,110,February 1973 Program
485,Oshu-12,417,Hitotsuya ,Hitotsuya  [Oshu],The Solitary House,一つ家,110,February 1973 Program
486,Oshu-13,418,Tanisoko,Tanisoko [Oshu],The Bottom of the Ravin,谷底,110,February 1973 Program
492,Roben-02,425,Sakuranomiya monogurui,Sakuranomiya monogurui [Roben],The Sakuranomiya Shrine,桜の宮物狂,68,January 1998 Program
493,Roben-03,426,Tōdaiji,Todaiji [Roben],The Todaiji Temple,東大寺,68,January 1998 Program
494,Roben-04,427,Nigatsudō,Nigatsudo [Roben],The Nigatsudo Hall,二月堂,68,January 1998 Program
499,Saiyuki-02,436,Ninjinka,Ninjinka [Saiyuki],The Elixir Fruit,人蔘菓,51,August 1988 Program
500,Saiyuki-04,437,Hitotsuya,Hitotsuya [Saiyuki],The Solitary House,一つ家,51,August 1988 Program
501,Saiyuki-05,438,Ryūsagawa,Ryusagawa [Saiyuki],The River Ryusa,流沙川,51,August 1988 Program
502,Saiyuki-06,439,Kaenzan,Kaenzan [Saiyuki],The Burning Mountain,火焔山,51,August 1988 Program
503,Saiyuki-08,441,Gion shōja,Gion shoja [Saiyuki],The Buddha's Temple,祇園精舎,51,August 1988 Program
511,Sanju-02,444,Takagari,Takagari [Sanju],Falconry,鷹狩,77,"June 1986 [no program]; Shin Wa-Ei chūjiten (Tokyo: Kenkyusha, 1995); no English translation available"
512,Sanju-03,445,Heitarō sumika,Heitaro sumika [Sanju],Heitaro's House,平太郎住家,77,February 1977 Program
518,Sesshu-01,460,Sumiyoshi Matsubara dokushu,Sumiyoshi Matsubara dokushu [Sesshu],The Poisoned Sake,住吉松原毒酒,75,September 1973 Program
524,Shin-02,486,Kiyomizudera,Kiyomizudera [Shin],The Kiyomizu Temple,清水寺,56,September 1980 Program
525,Shin-03,487,Shibukawa shisha,Shibukawa shisha [Shin],The Messenger Shibukawa,渋川使者,56,September 1980 Program
526,Shin-04,488,Hyōgi,Hyogi [Shin],The Consultation,評議,56,September 1980 Program
527,Shin-05,489,Sonobe yashiki,Sonobe yashiki [Shin],Sonobe's House,園部屋敷,56,September 1980 Program
528,Shin-06,490,Kajiya,Kajiya [Shin],The Blacksmith Shop,鍛冶屋,56,September 1980 Program
531,ShinjuT-01,465,Kuchijamisen,Kuchijamisen [ShinjuT],The Slanderous Remarks,口三味線,2,April 1979 Program
532,ShinjuT-05,469,Michiyuki nagori no hashizukushi,Michiyuki nagori no hashizukushi [ShinjuT],The Lover's Suicide Trip,道行名残りの橋尽し,2,October 1986 Program; April 1979 Program
535,Shinpan-01,473,Zama yashiro,Zama yashiro [Shinpan],The Zama Shrine,座摩社前,80,January 1993 Program
536,Shinpan-04,475,Aburaya,Aburaya [Shinpan],The Oil Store,油屋,80,February 1971 Program; January 1993 Program
537,Shinpan-05,476,Kuraba,Kuraba [Shinpan],The Storehouse,蔵場,80,January 1993 Program
538,Shinrei-02,479,Yura Hyōgo tei,Yura Hyogo tei [Shinrei],Hyogonosuke's Mansion,由良兵庫邸,55,May 1975 Program
539,Shinrei-03,480,Michiyuki hiyoku no sode,Michiyuki hiyoku no sode [Shinrei],The Lovers' Travel,道行比翼の袖,55,May 1975 Program
540,Shinrei-04,481,Tonbei uchi,Tonbei uchi [Shinrei],Tombei's House,頓兵衛内,55,May 1975 Program
541,Shinrei-05,482,Shinrei kizui,Shinrei kizui [Shinrei],The Divine Miracle,神霊奇瑞,55,May 1975 Program
546,Shinshu-02,484,Naoe yashiki,Naoe yashiki [Shinshu],Sanetsuna's Mansion,直江屋敷,106,February 1996 Program; May 1973 Program
552,Shunkin-02,509,Yodoyabashi ukiyoshōji Shunkin sumai,Yodoyabashi ukiyoshoji Shunkin sumai [Shunkin],Shunkin's House at Yodoyabashi,淀屋橋浮世小路春琴住居,152,August 1986 Program
553,Shunkin-03,510,Yodoyabashi Shunkin keikoba,Yodoyabashi Shunknin keikoba [Shunkin],The Room of Shunkin's Koto Lessons,淀屋橋春琴稽古場,152,August 1986 Program
554,Shunkin-04,511,Shunkin sumai heisoto,Shunkin sumai heisoto [Shunkin],Outside Shunkin's House,春琴住居塀外,152,August 1986 Program
557,Shusse-02,513,Rokujō kawara,Rokujo kawara [Shusse],The Kamo Riverbed at Rokujō,六条河原,148,November 1985 Program; February 1986
558,Shusse-03,514,Kagekiyo rōyaburi,Kagekiyo royaburi [Shusse],The Dungeon,景清牢破り,148,November 1985 Program
565,Sugawara-17,537,Terairi,Terairi [Sugawara],The Enrollment,寺入り,73,May 1972 Program
566,Sugawara-18,538,Terakoya,Terakoya [Sugawara],The Village School,寺子屋,73,May 1972 Program
567,Sugawara-02,523,Kamo tsutsumi,Kamo tsutsumi [Sugawara],The Kamo River Bank,加茂堤,73,May 1972 Program; January 1983 Program
568,Sugawara-07,528,Tsue sekkan,Tsue sekkan [Sugawara],The Beating of Kariya,杖折檻,73,May 1972 Program; January 1983 Program
569,Sugawara-08,529,Tōtenko,Totenko [Sugawara],The Cockcrow,東天紅,73,May 1972 Program
570,Sugawara-09,530,Shōjō nagori,Shojo nagori [Sugawara],The Departure of Michizane,丞相名残,73,May 1972 Program
571,Sugawara-10,531,Kurumabiki (Kurumabiki Yoshida shatō),Kurumabiki [Sugawara],The Quarrel Over the Carriage,車曳(車引吉田社頭),73,May 1972 Program; September 1996 Program
572,Sugawara-11,532,Chasenzake,Chasenzake [Sugawara],Shiradayu's 70th Birthday Celebration,茶筅酒,73,January 1983 Program; September 1996 Program
573,Sugawara-12,533,Kenka,Kenka [Sugawara],The Quarrel,喧嘩,73,January 1983 Program; September 1996 Program
574,Sugawara-14,534,Sakuramaru seppuku,Sakuramaru seppuku [Sugawara],Sakuramaru's Suicide,桜丸切腹,73,May 1972 Program
575,Sugawara-01,522,Ōuchi,Ouchi [Sugawara],The Imperial Palace,大内,73,May 1972 Program; January 1983 Program
576,Sugawara-03,524,Hippō denju,Hippo denju [Sugawara],The Handing on the Secrets of Calligraphy,筆法伝授,73,September 1996 Program; January 1983 Program
577,Sugawara-04,525,Tsuiji,Tsuiji [Sugawara],At the Fence,築地,73,May 1972 Program; September 1996 Program; January 1983 Program
578,Sugawara-05,526,Michiyuki kotoba no amaikai,Michiyuki kotoba no amaikai [Sugawara],The Wheat-Gluten Peddler's Travel,道行詞甘替,73,May 1972 Program
579,Sugawara-06,527,Yasui shiomachi,Yasui shiomachi [Sugawara],The Port of Yasui,安井汐待,73,May 1972 Program; January 1983 Program
580,Sugawara-15,535,Tenpaizan,Tenpaizan [Sugawara],Mount Tempai,天拝山,73,May 1972 Program; September 1996 Program
581,Sugawara-16,536,Kitasaga,Kitasaga [Sugawara],The Hideout at Kitasaga,北嵯峨,73,May 1972 Program
582,Sugawara-19,539,Ōuchi tenpen,Ouchi tenpen [Sugawara],The Disaster at the Imperial Palace,大内天変,73,May 1972 Program
585,Sumano-02,542,Gojōbashi,Gojobashi [Sumano],The Gojo Bridge,五条橋,81,May 1976 Program
589,Tamamono-08,552,Michiharu yakata,Michiharu yakata [Tamamono],Michiharu's Mansion,道春館,58,September 1982 Program
590,Tamamono-09,553,Shinsen'en,Shinsen'en [Tamamono],The Shinsen Garden,神泉苑,58,Tamamonomae Asahino Tamoto
592,Tamamono-10,554,Rōka ,Roka  [Tamamono],The Corridor,廊下,58,September 1982 Program
593,Tamamono-12,556,Soshō,Sosho [Tamamono],The Trial,訴訟,58,September 1982 Program
594,Tamamono-13,557,Inori,Inori [Tamamono],The Prayer,祈り,58,September 1982 Program
595,Tamamono-14,558,Kewai sesshōseki,Kewai sesshoseki [Tamamono],The Fleeing Fox,化粧殺生石,58,September 1974 Program
596,Tamamono-01,545,Tenjiku Shamurozan,Tenjiku shamurozan [Tamamono],Mt. Shamuro in India,天竺沙牟呂山の段　,58,September 1982 Program
597,Tamamono-03,547,Hanzokuō goten,Hanzokuo goten [Tamamono],King Hanzoku's Palace,班足王御殿,58,September 1982 Program
598,Tamamono-04,548,Dakki judai,Dakki judai [Tamamono],Dakki Going to the Palace,妲妃入内,58,September 1982 Program
599,Tamamono-05,549,Chuō goten kewaiden,Chuo goten kewaiden [Tamamono],The Palace of Emperor Chu,紂王御殿化粧殿,58,September 1982 Program
600,Tamamono-06,550,Rōmon,Romon [Tamamono],The Castle Gate,楼門,58,September 1982 Program
601,Tamamono-02,546,Shamurozan fumoto,Shamurozan fumoto [Tamamono],At the Foot of Mt. Shamuro,天竺沙牟呂山麓,58,September 1982 Program
602,Tamamono-11,555,Jussaku sumika,Jussaku sumika [Tamamono],The House of Jussaku,十作住家,58,September 1982 Program
603,Saiyuki-03,433,Kamairi ,Kamairi  [Saiyuki],Attempted Boiling to Death,釜煮,51,August 1988 Program
604,Saiyuki-07,440,Bashōdō,Bashodo [Saiyuki],The Basho Cave,芭蕉洞,51,August 1988 Program
609,Sanju-04,446,Kiyari ondo,Kiyari ondo [Sanju],The Lumber Carriers' Song,木遣り音頭,77,February 1977 Program
610,Seishu-02,457,Heiji sumika,Heiji sumika [Seishu],Heiji's House,平治住家,122,August 1984 Program
611,Sekitori-02,459,Sumōba,Sumoba [Sekitori],The Sumo Arena,相撲場,52,July 1986 Program
612,Onshu-02,409,Ao no Dōmon,Ao no Domon [Onshu],Ao no Dōmon (Blue Tunnel),青の洞門,86,November 1964 Yukahon; no English translation available
613,Sesshu-03,462,Gappō anjitsu,Gappo anjitsu [Sesshu],Gappo's House,合邦庵室,75,September 1973 Program
614,Taiheiki-02,544,Kinai sumika,Kinai sumika [Taiheiki],Kinai's House,喜内住家,101,November 1993 Program; February 1972 Program
615,Tenno-01,559,Kitashinchi Kawashō,Kitashinchi Kawasho [Tenno],The Tea House Kawasho,北新地河庄,137,February 1989 Program [no Engtlish program]; Shinju Ten no Amijima programs
616,Tenno-03,561,Michiyuki nagori no hashizukushi,Michiyuki nagori no hashizukushi [Tenno],The Lover's Suicide Trip,道行名残の橋尽し,137,February 1989 Program [no Engtlish program]; Shinju Ten no Amijima programs
617,Tsubosaka-03,566,Tsubosakadera (See also Yama),Tsubosakadera [Tsubosaka],The Tsubosaka Temple (See also The Mountain),壺坂寺 (See also 山),60,October 1974 Program
619,Wada-02,572,Ichiwaka uijin,Ichiwaka uijin [Wada],Ichiwaka's Maiden Battle,市若初陣,164,September 1989 Program
620,Yari-02,576,Asaka Ichinoshin rusutaku,Asaka Ichinoshin rusutaku [Yari],The House of Ichinoshin Asaka,浅香市之進留守宅,61,February 1983 Program
621,Yari-03,577,Sukiya,Sukiya [Yari],The Tea Ceremony House,数寄屋,61,February 1983 Program
622,Yari-04,578,Iwaki Chūtabei yashiki,Iwaki Chutabei yashiki [Yari],The House of Chutabei Iwaki,岩木忠太兵衛屋敷,61,February 1983 Program
623,Yari-05,579,Fushimi kyōbashi megatakiuchi,Fushimi kyobashi megatakiuchi [Yari],The Revenge on Kyobashi Bridge in Fushimi,伏見京橋女敵討,61,February 1983 Program
629,Yoshitsune-09,588,Michiyuki hatsune no tabi,Michiyuki hatsune no tabi [Yoshitsune],The Travel Dance on Mount Yoshino,道行初音の旅,62,May 1981 Program
630,Yoshitsune-05,584,Tokaiya daimotsu ura,Tokaiya daimotsu ura [Yoshitsune],The Shipping Agent at Daimotsu,渡海屋大物浦,62,May 1981 Program
632,Yugiri-02,592,Hiraoka Sakon shukutaku,Hiraoka Sakon shukutaku [Yugiri],Sakon's Temporary Residence,平岡左近宿宅,113,February 1987 Program
633,Yugiri-03,593,Ōgiya uchi,ogiya uchi [Yugiri],The Ogiya House,扇屋内,113,February 1987 Program
635,Yuki-02,595,Ryōshi Genza uchi,Ryoshi Genza uchi [Yuki],The House of Hunter Genza,猟師源左内,127,November 1985 Program
636,Yuki-03,596,Fuyu no kohan,Fuyu no kohan [Yuki],The Lakeside in Winter,冬の湖畔,127,November 1985 Program
637,Imose-02,201,Emiji yakata,Emiji yakata [Imose],Emiji's Mansion,蝦夷子館,79,May 1977 Program
638,Imose-16,215,Iruka chūbatsu,Iruka chubatsu [Imose],The Assassination of Iruka,入鹿誅伐,79,April 1977 Program
639,Igagoe-09,191,Fujikawa shinseki hikinuki kotobuki hashiradate manzai,Fujikawa shinseki hikinuki kotobuki hashiradate manzai [Igagoe],The New Barrier at Fujikawa with Insertion of the Scene of the Street Entertainers,藤川新関引抜き寿柱立万歳,29,
640,Somemoyo-01,515,Aburamise,Aburamise [Somemoyo],The Oil Store,油店,5,May 1976 Program
641,Igagoe-14,196,Heisaku uchi yori senbon matsubara,Heisaku uchi yori senbon matsubara [Igagoe],House of Heisaku and One Thousand Pine Trees at Matsubara,平作内より千本松原,29,[November 1974 Program]; no English translation available
642,Meido-05,342,Ninokuchimura ,Ninokuchimura [Meido],The Village of Ninokuchi,新口村,7,November 1964 Program
643,Honcho-17,165,Kenshin yakata (See also Kagekatsu jōshi and Teppō watashi),Kenshin yakata [Honcho],Kenshin's Mansion (See also Messenger Kagekatsu's Visit and the Delivery of the Rifle),謙信館 (see akso 景勝上使  and 鉄砲渡し),27,October 1969 Program
644,Katakiuchi-03,266,Kōriyama Hachiman,Koriyama Hachiman [Katakiuchi],The Koriyama Hachiman Shrine,郡山八幡,94,February 1991 Program
645,Katakiuchi-04,267,Daianji tsutsumi,Daianji tsutsumi [Katakiuchi],The Daianji River Bank,大安寺堤,94,February 1991 Program
646,Shinpan-03,477,Nagamachi,Nagamachi [Shinpan],Nagamachi Street,長町,80,February 1971 Program
648,Gion-02,075,Kishi no sato (See also Tobita),Kishi no sato [Gion],The Village of Kishinosato (See also The Sake Peddler),岸の里 (See also 鳶田),19,May 1971 Program
649,Gion-04,076,Tengachaya (See also Zesai sumika),Tengachaya [Gion],The Village of Tengachaya (See also Zesai's House),天下茶屋 (See also 是斎住家),19,May 1971 Program
651,Gion-01,077,Ashikaga yakata,Ashikaga yakata [Gion],The Ashikaga Palace,足利館,19,May 1971 Program
652,Ichinotani-13,182,Kubi jikken (See also Kumagai jinya),Kubi jikken [Ichinotani],The Head Identification (See also Kumagai's Camp),首実検 (See also 熊谷陣屋),72,September 1971 Program
653,Ichinotani-12,181,Kumagai monogatari (See also Kumagai jinya),Kumagai monogatari [Ichinotani],Kumagai's Explanation (See also Kumagai's Camp ),熊谷物語 (See also 熊谷陣屋),72,September 1971 Program
654,Meido-02,343,Haori Otoshi,Haori Otoshi [Meido],The Haori Falls Off,羽織落し,7,October 1973 Program
657,Ishi-01,218,Ishikiriba,Ishikiriba [Ishi],The Quarry,石切場,173,August 1990 Program
658,Ishi-02,219,Matsudayū sumika,Matsudayu sumika [Ishi],The House of Matsudayu,松太夫住家,173,August 1990 Program
659,Ishi-03,220,Hebiyama,Hebiyama [Ishi],Mt. Hebiyama,蛇山,173,August 1990 Program
660,Ishi-04,221,Hanazukushi,Hanazukushi [Ishi],All Kinds of Flowers,花づくし,173,August 1990 Program
661,Sasa-01,454,Dai ichimaku,Dai ichimaku [Sasa],Act 1,第一幕,175,July 1996 [no program]; no English translation available
662,Sasa-02,455,Dai nimaku,Dai nimaku [Sasa],Act 2,第二幕,175,July 1996 [no program]; no English translation available
663,Naga-01,363,Kyō shimotachiuri katanaya,Kyo shimotachiuri katanaya [Naga],The Swordsmith Shop at Shimotachiuri in Kyoto,京下立売刀屋,174,February 1994 Program
664,Naga-02,364,Ishigakichō Izutsuya,Ishigaki-cho Izutsuya [Naga],The Izutsuya Tea House at Ishigaki-cho,石垣町井筒屋,174,February 1994 Program
665,Naga-03,365,Ohana Hanshichi michiyuki,Ohana Hanshichi michiyuki [Naga],The Trip from Kyoto to Osaka,おはな半七道行,174,February 1994 Program
666,Naga-04,366,Ōsaka nagamachi kyaraya,Osaka nagamachi kyaraya [Naga],"The Woodwork Shop at Nagamachi, Osaka",大坂長町伽羅屋,174,February 1994 Program
667,Sansho-01,449,Iwashiro Hangan yakata,Iwashiro Hangan yakata [Sansho],Iwashiro Hangan's Mansion,岩城判官館,130,August 1977 Sōsaku Bunraku Program [no English program]; no English translation available
668,Sansho-02,450,Naoiura,Naoiura [Sansho],Naoi Beach,直井浦,130,August 1977 Sōsaku Bunraku Program [no English program]; no English translation available
669,Sansho-03,451,Hamaji,Hamaji [Sansho],On the Beach,浜路,130,August 1977 Sōsaku Bunraku Program [no English program]; no English translation available
670,Sansho-05,452,Zushiōmaru shusse,Zushiomaru shusse [Sansho],Zushiomaru Success,厨子王丸出世,130,August 1977 Sōsaku Bunraku Program [no English program]; no English translation available
671,Sansho-06,453,Kuribatake,Kuribatake [Sansho],Chestnut Field,栗畑,130,August 1977 Sōsaku Bunraku Program [no English program]; no English translation available
672,Kokusenya-04,304,Hirado hamatsutai,Hirado hamatsutai [Kokusenya],On the Hirado Beach,平戸浜伝ひ,40,July 1984 Program; February 1980 Program
673,Kokusenya-05,305,Morokoshi bune,Morokoshi bune [Kokusenya],The Chinese Ship,唐土船,40,February 1980 Program
674,Tsubosaka-02,565,Sawaichi uchi,Sawaichi uchi [Tsubosaka],Sawaichi's House,沢市内,60,January 1989 Program
675,Tsubosaka-04,567,Yama (See also Tsubosakadera),Yama [Tsubosaka],The Mountain (See also The Tsubosaka Temple),山 (See also 壺坂寺),60,January 1989 Program
676,Yoshitsune-11,590,Kawatsura Hōgen yakata okuniwa,Kawatsura Hogen yakata okuniwa [Yoshitsune],The Rear Garden,川連法眼館奥庭,62,May 1981 Program
677,Kokusenya-10,306,Shishigajō (See also Kanki yakata and Beninagashi),Shishigajo [Kokusenya],The Shishigajo Catsle (See also Kanki's Mansion and The Red Signal),獅子が城 (See also 甘輝館 and 紅流し),40,July 1984 Program
678,Tokaidochu-02,563,Furudera,Furudera [Tokaidochu],The Old Temple,古寺,59,July 1988 Program
679,Sugawara-13,540,Soshō ,Sosho [Sugawara],The Petition,訴訟,73,February 1978 Program
680,Kanadehon-22,260,Kōmyōji shōkō,Komyoji shoko [Kanadehon],The Incense-Burning at the Komyoji Temple,光明寺焼香,63,January 1985 Program
681,KotobukiH-02,309,Kotobuki hashiradate manzai,Kotobuki hashiradate manzai [KotobukiH],The Street Entertainers,寿柱立万歳,42,April 1985 Program
682,Ohan-03,395,Yautsuri,Yautsuri [Ohan],The New Residence,家うつり,159,August 1988 Program
683,Ohan-04,396,Teppo koji,Teppo koji [Ohan],Teppo Alley [after the New Residence scene],鉄砲小路 [家うつりの段より],159,August 1988 Program
684,Asama-04,008,(4),[4] [Asama],Scene Four,（四） ,160,January 1989 Program
685,Kiichi-01,277,Kuramayama,Kuramayama [Kiichi],Mt. Kurama,鞍馬山,36,November 1991 Program
686,Kiichi-02,278,Banshū shoshazan,Banshu shoshazan [Kiichi],Mt. Shosha in Banshu Province,播州書写山,36,November 1991 Program
687,Ehon-03,041,Senbondori Mitsuhide yakaya,Sembondori Mitsuhide yakaya [Ehon],Mitsuhide's Residence at Sembondori,千本通光秀館,16,April 1993 Program
688,Ehon-12,050,Daitokuji shōkō,Daitokuji shoko [Ehon],The Funeral at the Daitokuji Temple,大徳寺焼香,16,April 1993 Program
689,Mandaga-04,324,Koromonogo yakata kuriyaguchi,Koromonogo yakata kuriyaguchi [Mandaga],In Front of the Kitchen of Koromonogo's House,衫子館厨口,44,August 1995 Program
690,Mandaga-07,327,Koromonogo tsutsumi,Koromonogo tsutsumi [Mandaga],The Koromonogo Riverbank,衫子堤,44,August 1995 Program
691,Utsubo-01,570,Utsubozaru,Utsubozaru [Utsubo],The Monkey Dance,うつぼ猿,176,
692,Nichi-01,378,Ukai Kansaku sumika,Ukai Kansaku sumika [Nichi],Kansaku's House,鵜飼い勘作住家,177,July 2001 Program
693,Bunra-01,018b,Bunraku no ohanashi,Bunraku no ohanashi [Bunra],Introduction to Bunraku,文楽のおはなし,185,July 2002 Japanese Program; Not included in the English Program; no English translation available
694,Shita-01,484a,Shitakiri suzume,Shitakiri suzume [Shita],The Tongue-Cut Sparrpw,舌切雀,184,July/August 2002 Program
695,OnnaH-01,407a,Dai ikkei,Dai ikkei [OnnaH],Act 1,第一景,186,February 1973 Bunkyō Public Hall program; no English translation available
696,OnnaH-02,407b,Dai nikei,Dai nikei [OnnaH],Act 2,第二景,186,February 1973 Bunkyō Public Hall program; no English translation available
697,OnnaH-03,407c,Dai sankei,Dai sankei [OnnaH],Act 3,第三景,186,February 1973 Bunkyō Public Hall program; no English translation available
699,Omi-05,401a,Moritsuna kubi jikken (See also Moritsuna Jinya),Moritsuna kubi jikken [Omi],Moritsuna Identifies a Head (See also Moritsuna's War Camp),盛綱首実検 (See also 盛綱陣屋),90,May 1983 Program
